,,,,,,,,,,,,,,,,,,,,,,,,,,
,,,,,,,,,,,,,,,,,,,,,,,,,,
,,,,,,,,,,,,,,,,為替レート,,自動,,自動,,,,,,
,仕入れ表,仕入れ元データ,仕入れ表,,ペイメント,仕入れ表,仕入れ表,,,ペイメント,手動,,,,,売れた日の為替,,,仕入れ元データ,,,,,,手動,
同梱,カスタムラベル(SKU),Order number,仕入れ日,販売日,出金日,商品名,仕入れ金額(送料込み),販売金額,販売金額（￥）,手数料合計,広告費(PL),shopee手数料,サービス料,取引手数料,Payout金額,販売時の為替,出金時の為替（ペイオニア手数料含む）,受取金額,海外送料,手数料消費税還付,消費税還付,最終損益,利益率,売れるまでの日数,(国内)送り状番号,(SLS)送り状番号
,20260106_koyanagi_03,2601274C4J8NX1,2026/1/27,2026/1/27,#N/A,BANDAI Mobile Suit Gundam MG Gundam Exia Recirculation Color Neon Purple 1/100,"¥6,550 ",SGD72.11,#VALUE!,#N/A,$0.00,#N/A,#N/A,#N/A,#N/A,2.62,#N/A,#N/A,9.98SGD,#N/A,¥595,#N/A,#N/A,21,2790-8723-2712,SG262838873141S
,20260105_koyanagi_02,260131G2HFQM0Y,2026/2/2,2026/1/31,#N/A,"BANPRESTO Shun Mizushino Sung Jin-Woo ""Solo Leveling"" ESPRESTO -Excite Motions-vol.1 Figure","¥7,500 ",SGD63.01,#VALUE!,#N/A,$0.00,#N/A,#N/A,#N/A,#N/A,2.61,#N/A,#N/A,7.48SGD,#N/A,¥682,#N/A,#N/A,26,2790-8786-7936,SG2646506399738
,20260223_machida_15,260227T08W5YG2,2026/3/2,2026/2/27,#N/A,MORIPiLO Sanrio Hugging Pillow (Cinnamoroll Sleepy Pillow) M Approximately 45cm,"¥3,850 ",SGD50.03,#VALUE!,#N/A,$0.00,#N/A,#N/A,#N/A,#N/A,2.71,#N/A,#N/A,有在庫,#N/A,¥350,#N/A,#N/A,4,2790-9137-6476,SG267157630303H
〇,20260213_koyanagi_09,2603023JAGBR08,有在庫,2026/3/2,#N/A,Nintendo Gameboy Advance Pokémon Ruby Japanese No Package,¥0 ,SGD8.09,#VALUE!,#N/A,$0.00,#N/A,#N/A,#N/A,#N/A,2.72,#N/A,#N/A,,#N/A,¥0,#N/A,#N/A,17,7641-9900-5426,SG264298190067E
〇,20260212_machida_18,2603023JAGBR08,有在庫,2026/3/2,#N/A,Nintendo DS software “GAME & WATCH COLLECTION” Japanese No Package,¥0 ,SGD8.1,#VALUE!,#N/A,$0.00,#N/A,#N/A,#N/A,#N/A,2.72,#N/A,#N/A,,#N/A,¥0,#N/A,#N/A,18,↑同梱,SG264298190067E
,20260116_miyawaki_03,2603034XVYYYSK,2026/3/9,2026/3/3,#N/A,Ichiban Kuji JoJo's Bizarre Adventure Stardust Crusaders DIO MASTERLISE Prize C Anime Figure,"¥6,300 ","₱3,361.00","¥9,108",#N/A,$0.00,#N/A,#N/A,#N/A,#N/A,2.71,#N/A,#N/A,₱706.00,#N/A,¥573,#N/A,#N/A,46,2790-9218-3156,PH2601416162482
,20260302_ishida_02,260304861KD5C7,2026/3/4,2026/3/4,#N/A,S.H.Figuarts Funeral of Freiren Freiren (Resale Version) Approximately 140mm PVC & ABS Painted Movable Figure TAMASHII NATIONS,"¥7,700 ","₱3,747.00","¥10,117",#N/A,$0.00,#N/A,#N/A,#N/A,#N/A,2.7,#N/A,#N/A,₱181.00,#N/A,¥700,#N/A,#N/A,2,2790-9158-1506,PH263189613027K
,20260219_machida_01,260305C5P0E9RJ,2026/3/6,2026/3/5,#N/A,training pad 12 inches with stand TS12S,"¥13,800 ",SDG194.18,#VALUE!,#N/A,$0.00,#N/A,#N/A,#N/A,#N/A,2.68,#N/A,#N/A,54.98SGD,#N/A,"¥1,255",#N/A,#N/A,14,2790-9207-6012,SG261870660942O
,20260123_machida_04,260309N6YK6BVR,2026/3/9,2026/3/9,#N/A,Tamiya 1/10 Electric RC Car Series No.242 Wild Willy 2 Off-Road 58242,"¥11,180 ","₱6,284.00","¥16,904",#N/A,$0.00,#N/A,#N/A,#N/A,#N/A,2.69,#N/A,#N/A,"₱1,656.00",#N/A,"¥1,016",#N/A,#N/A,45,2790-9229-4176,
,20260210_sugahara_02,260309NQEJ1EFC,有在庫,2026/3/9,#N/A,Pokémon: Pearl Version Nintendo DS Video Games Japanese No Package,¥0 ,SGD8.03,#VALUE!,#N/A,$0.00,#N/A,#N/A,#N/A,#N/A,2.69,#N/A,#N/A,4.29SGD,#N/A,¥0,#N/A,#N/A,27,2790-9218-3123,SG267952344474S
,20260303_machida_01,260310RAA76HSC,,2026/3/10,#N/A,"With shrink wrap Pokémon Card Game Scarlet & Violet Expansion Pack ""Pokémon Card 151""",仕入れ無,"₱6,948.00","¥18,482",#N/A,$0.00,#N/A,#N/A,#N/A,#N/A,2.66,#N/A,#N/A,,#N/A,#VALUE!,#N/A,#N/A,7,,
,20260312_machida_ph_04,260323T5NFWERM,,2026/3/23,#N/A,MG 1/100 Gundam Base Limited Prize RX-78-2 Gundam Ver.3.0 [Gold Coating] Mobile Suit Gundam,仕入れ無,"₱3,064.00","¥8,181",#N/A,$0.00,#N/A,#N/A,#N/A,#N/A,2.67,#N/A,#N/A,,#N/A,#VALUE!,#N/A,#N/A,63,,
,20260119_miyawaki_07,26031311HKC8EA,2026/3/13,2026/3/13,#N/A,Ichiban Kuji YuYu Hakusho Dark Tournament vol.2 Karasu MASTERLISE Prize B Anime Figure,"¥5,888 ","₱3,598.00","¥9,643",#N/A,$0.00,#N/A,#N/A,#N/A,#N/A,2.68,#N/A,#N/A,₱456.00,#N/A,¥535,#N/A,#N/A,4,2790-9306-5926,PH265572722176B
,20260309_sugahara_01,2603169VG6MH00,2026/3/16,2026/3/16,#N/A,Nendoroid 2793 Von Lycaon Zenless Zone Zero ZZZ Figure Good Smile Arts Shanghai,"¥7,186 ","₱3,948.00","¥10,541",#N/A,$0.00,#N/A,#N/A,#N/A,#N/A,2.67,#N/A,#N/A,₱181.00,#N/A,¥653,#N/A,#N/A,52,2790-9306-6103,PH266951567034X
,20260123_machida_04,260317BPCP3GP7,2026/3/17,2026/3/17,#N/A,Tamiya 1/10 Electric RC Car Series No.242 Wild Willy 2 Off-Road 58242,"¥10,569 ","₱6,284.00","¥16,715",#N/A,$0.00,#N/A,#N/A,#N/A,#N/A,2.66,#N/A,#N/A,"₱1,731.00",#N/A,¥961,#N/A,#N/A,61,2790-9317-6504,PH2683023758046
,20260115_miyawaki_sg_02,260320KK6VDGTN,2026/3/20,2026/3/20,#N/A,Ichiban Kuji Final Fantasy VII (FF7) Rebirth Cloud Strife Prize A Anime Game Figure,"¥4,999 ",SDG94.70,#VALUE!,#N/A,$0.00,#N/A,#N/A,#N/A,#N/A,2.68,#N/A,#N/A,9.98SGD,#N/A,¥454,#N/A,#N/A,14,2790-9395-1986,SG2615545605704
,20260306_machida_ph_06,260323T8G8S3AA,2026/3/23,2026/3/23,#N/A,Gundam Base Limited Sengoku Astray Gundam,"¥6,222 ","₱4,950.00","¥13,217",#N/A,$0.00,#N/A,#N/A,#N/A,#N/A,2.67,#N/A,#N/A,₱656.00,#N/A,¥566,#N/A,#N/A,3,2790-9395-1780,PH2629373745737
,20260320_machida_ph_01,260323U9K9MP6B,2026/3/23,2026/3/23,#N/A,TAMIYA 1/12 Electric RC Car Series No. 547 Midnight Pumpkin Black Edition 58547,"¥10,611 ","₱5,412.00","¥14,450",#N/A,$0.00,#N/A,#N/A,#N/A,#N/A,2.67,#N/A,#N/A,"₱1,631.00",#N/A,¥965,#N/A,#N/A,19,2790-9406-3183,PH262991962150E
,20260304_miyawaki_ph_01,260324VMC4V3GW,2026/3/24,2026/3/24,#N/A,Ichiban Kuji JoJo's Bizarre Adventure Stardust Crusaders Jotaro Kujoh MASTERLISE Prize A Anime Figure,"¥5,150 ","₱3,016.00","¥7,962",#N/A,$0.00,#N/A,#N/A,#N/A,#N/A,2.64,#N/A,#N/A,₱806.00,#N/A,¥468,#N/A,#N/A,60,2790-9478-2352,PH267985209370E
,20260123_machida_ph_04_3,2603240SGH1582,2026/3/24,2026/3/24,#N/A,Tamiya 1/10 Electric RC Car Series No.242 Wild Willy 2 Off-Road 58242,"¥13,000 ","₱6,547.00","¥17,284",#N/A,$0.00,#N/A,#N/A,#N/A,#N/A,2.64,#N/A,#N/A,"₱1,631.00",#N/A,"¥1,182",#N/A,#N/A,12,2790-9406-3065,PH2623521300673
,20260312_machida_ph_04,2603241XGT3N26,,2026/3/25,#N/A,MG 1/100 Gundam Base Limited Prize RX-78-2 Gundam Ver.3.0 [Gold Coating] Mobile Suit Gundam,仕入れ無,"₱3,064.00","¥8,120",#N/A,$0.00,#N/A,#N/A,#N/A,#N/A,2.65,#N/A,#N/A,,#N/A,#VALUE!,#N/A,#N/A,0,,
,20260312_machida_ph_04,2603241XJEJAF3,,2026/3/25,#N/A,MG 1/100 Gundam Base Limited Prize RX-78-2 Gundam Ver.3.0 [Gold Coating] Mobile Suit Gundam,仕入れ無,"₱3,064.00","¥8,120",#N/A,$0.00,#N/A,#N/A,#N/A,#N/A,2.65,#N/A,#N/A,,#N/A,#VALUE!,#N/A,#N/A,9,,
,20260325_machida_ph_01,26032543YJX906,2026/3/26,2026/3/25,#N/A,Tamiya 1/12 Electric RC Car Series No. 347 Lunch Box 2005 58347 - High-Performance Remote Control Car[Direct from Japan],"¥8,800 ","₱5,205.00","¥13,793",#N/A,$0.00,#N/A,#N/A,#N/A,#N/A,2.65,#N/A,#N/A,"₱1,456.00",#N/A,¥800,#N/A,#N/A,9,2790-9476-0825,
,20260312_machida_ph_04,2603276YGWFB6C,,2026/3/27,#N/A,MG 1/100 Gundam Base Limited Prize RX-78-2 Gundam Ver.3.0 [Gold Coating] Mobile Suit Gundam,仕入れ無,"₱3,064.00","¥8,120",#N/A,$0.00,#N/A,#N/A,#N/A,#N/A,2.65,#N/A,#N/A,,#N/A,#VALUE!,#N/A,#N/A,15,,
,20260316_miyawaki_ph_02,260330FRMDKXKY,2026/3/30,2026/3/30,#N/A,Ichiban Kuji YuYu Hakusho Dark Tournament vol.3 Urameshi Yusuke MASTERLIZED Prize A Figure,"¥2,850 ","₱2,733.00","¥7,215",#N/A,$0.00,#N/A,#N/A,#N/A,#N/A,2.64,#N/A,#N/A,₱331.00,#N/A,¥259,#N/A,#N/A,5,2790-9566-4293,
,20260316_machida_ph_03,260330G026X4X1,2026/3/30,2026/3/30,#N/A,Bandai (Bandai) RG 1/144 GUNDAM SIDE-F Limited RX-93FF ν Gundam Mobile Suit Gundam Counterattack Char,"¥7,255 ","₱3,987.00","¥10,526",#N/A,$0.00,#N/A,#N/A,#N/A,#N/A,2.64,#N/A,#N/A,有在庫へ,#N/A,¥660,#N/A,#N/A,32,,
,20260312_machida_ph_04,260330GCGKNUWQ,,2026/3/30,#N/A, MG 1/100 Gundam Base Limited Prize RX-78-2 Gundam Ver.3.0 [Gold Coating] Mobile Suit Gundam,仕入れ無,"₱3,064.00","¥8,089",#N/A,$0.00,#N/A,#N/A,#N/A,#N/A,2.64,#N/A,#N/A,,#N/A,#VALUE!,#N/A,#N/A,14,,
,20260312_machida_ph_04,260330GCHXJU83,2026/3/31,2026/3/30,#N/A,MG 1/100 Gundam Base Limited Prize RX-78-2 Gundam Ver.3.0 [Gold Coating] Mobile Suit Gundam,"¥6,480 ","₱3,064.00","¥8,089",#N/A,$0.00,#N/A,#N/A,#N/A,#N/A,2.64,#N/A,#N/A,₱581.00,#N/A,¥589,#N/A,#N/A,28,2790-9501-4461,PH265310873835P
,20260325_machida_ph_01_2,260330GH0SJWWC,2026/3/31,2026/3/30,#N/A,Tamiya 1/12 Electric RC Car Series No. 347 Lunch Box 2005 58347 - High-Performance Remote Control Car[Direct from Japan],"¥7,920 ","₱5,610.00","¥14,810",#N/A,$0.00,#N/A,#N/A,#N/A,#N/A,2.64,#N/A,#N/A,"₱1,531.00",#N/A,¥720,#N/A,#N/A,14,2790-9501-4365,PH267032258170G
,20260316_ishida_ph_01,260330GQ0Q6CW0,,2026/3/30,#N/A,Nendoroid Character Vocal Series 03 Megurine Luka Megurine Luka 2.0 Non-Scale Plastic Painted Action Figure,仕入れ無,"₱2,991.00","¥7,896",#N/A,$0.00,#N/A,#N/A,#N/A,#N/A,2.64,#N/A,#N/A,,#N/A,#VALUE!,#N/A,#N/A,32,,
,20260226_machida_ph_03,260331H4EMX4C2,2026/3/31,2026/3/31,#N/A,Authentic BANDAI SPIRITS RG 1/144 Unicorn Gundam Perfectibility Plastic Model Bandai,"¥10,880 ","₱5,413.00","¥14,236",#N/A,$0.00,#N/A,#N/A,#N/A,#N/A,2.63,#N/A,#N/A,₱606.00,#N/A,¥989,#N/A,#N/A,7,2790-9501-4531,PH264331112089S
,20260316_miyawaki_ph_01,260331HDB9GAG9,,2026/3/31,#N/A,Ichiban Kuji Demon Slayer Doma Prize B Figur,仕入れ無,"₱4,820.00","¥12,677",#N/A,$0.00,#N/A,#N/A,#N/A,#N/A,2.63,#N/A,#N/A,,#N/A,#VALUE!,#N/A,#N/A,13,,
,20260302_ishida_ph_02_2,260331J14TP6JR,2026/3/31,2026/3/31,#N/A,S.H.Figuarts Funeral of Freiren Freiren (Resale Version) Approximately 140mm PVC & ABS Painted Movable Figure TAMASHII NATIONS,"¥7,980 ","₱3,923.00","¥10,317",#N/A,$0.00,#N/A,#N/A,#N/A,#N/A,2.63,#N/A,#N/A,₱156.00,#N/A,¥725,#N/A,#N/A,25,2790-9501-4236,PH262857620650H
,20260316_miyawaki_ph_01,260331JC12CG04,2026/3/31,2026/3/31,#N/A,Ichiban Kuji Demon Slayer Doma Prize B Figure,"¥8,222 ","₱4,720.00","¥12,414",#N/A,$0.00,#N/A,#N/A,#N/A,#N/A,2.63,#N/A,#N/A,₱581.00,#N/A,¥747,#N/A,#N/A,29,2790-9566-4396,
,20260226_machida_ph_03_2,260401MDKP5QGC,2026/4/1,2026/4/1,#N/A,Authentic BANDAI SPIRITS RG 1/144 Unicorn Gundam Perfectibility Plastic Model Bandai,"¥10,999 ","₱5,413.00","¥14,182",#N/A,$0.00,#N/A,#N/A,#N/A,#N/A,2.62,#N/A,#N/A,₱706.00,#N/A,"¥1,000",#N/A,#N/A,12,2790-9512-3473,PH266185457121R
,20260324_machida_ph_04,260401NJM9S1AH,2026/4/2,2026/4/1,#N/A,Authentic Tamiya 1/10 Scale Electric RC Car Series No. 747 Mini Cooper Racing (MB-01 Chassis) Electric Radio Control 58747,"¥15,642 ","₱9,236.00","¥24,198",#N/A,$0.00,#N/A,#N/A,#N/A,#N/A,2.62,#N/A,#N/A,"₱1,081.00",#N/A,"¥1,422",#N/A,#N/A,12,2790-9525-1923,PH2623453325988
,20260318_machida_ph_01,260401NK34RY47,2026/4/2,2026/4/1,#N/A,Tamiya 1/10 Electric RC Car Series No.571 Porsche 911 Carrera RSR (TT-02 Chassis) On-Road 58571 [New] [Authentic] [Shipped from Japan],"¥11,000 ","₱6,441.00","¥16,875",#N/A,$0.00,#N/A,#N/A,#N/A,#N/A,2.62,#N/A,#N/A,"₱1,231.00",#N/A,"¥1,000",#N/A,#N/A,14,2790-9525-1864,
,20260306_machida_ph_04,260401NKSGYVTM,2026/4/2,2026/4/1,#N/A,Tamiya RC Special Product 1/10 Electric RC Car Super Astute 2018 Off-Road 47381,"¥29,000 ","₱13,167.00","¥34,498",#N/A,$0.00,#N/A,#N/A,#N/A,#N/A,2.62,#N/A,#N/A,"₱1,431.00",#N/A,"¥2,636",#N/A,#N/A,7,2790-9525-1713,
,20260302_ishida_ph_04,260403RQPVV3FD,2026/4/7,2026/4/3,#N/A,TAMASHII NATIONS S.H.Figuarts NARUTO Shippuden Shikamaru Nara -The Brain That Sees Ahead-Approximately 145mm PVC & ABS,"¥7,480 ","₱2,151.00","¥5,700",#N/A,$0.00,#N/A,#N/A,#N/A,#N/A,2.65,#N/A,#N/A,₱81.00,#N/A,¥680,#N/A,#N/A,74,7641-9986-5656,
,20260320_machida_ph_07,2604052B23BH7X,2026/4/6,2026/4/5,#N/A,Authentic TAMIYA 1/10 Electric RC Car Series No.470 Holiday Buggy 2010 Off-Road 58470,"¥7,180 ","₱4,825.00","¥12,786",#N/A,$0.00,#N/A,#N/A,#N/A,#N/A,2.65,#N/A,#N/A,"₱1,081.00",#N/A,¥653,#N/A,#N/A,24,2790-9577-6024,PH264792607137Q
,20260323_machida_ph_02,2604077R1A70UN,,2026/4/7,#N/A,Authentic Tamiya 1/14 Electric RC Car Series No.672 Monster Beetle Trail (GF-01TR Chassis) 58672,仕入れ無,"₱9,961.00","¥26,496",#N/A,$0.00,#N/A,#N/A,#N/A,#N/A,2.66,#N/A,#N/A,,#N/A,#VALUE!,#N/A,#N/A,22,,
,20260320_machida_ph_04,2604077TYQFGV7,2026/4/8,2026/4/7,#N/A,Authentic Tamiya 1/10 Electric RC Car Series No.739 1998 Honda NSX Racing (TT-02 Chassis) 58739,"¥14,850 ","₱8,495.00","¥22,597",#N/A,$0.00,#N/A,#N/A,#N/A,#N/A,2.66,#N/A,#N/A,"₱1,231.00",#N/A,"¥1,350",#N/A,#N/A,13,2790-9612-3471,PH2664212116387
,20260318_machida_ph_01_2,260408840ENWE1,2026/4/8,2026/4/8,#N/A,Tamiya 1/10 Electric RC Car Series No.571 Porsche 911 Carrera RSR (TT-02 Chassis) On-Road 58571 [New] [Authentic] [Shipped from Japan],"¥11,000 ","₱6,441.00","¥16,940",#N/A,$0.00,#N/A,#N/A,#N/A,#N/A,2.63,#N/A,#N/A,"₱1,156.00",#N/A,"¥1,000",#N/A,#N/A,21,2790-9600-2706,PH260002366028K
,20260325_machida_ph_01_3,2604088V6YP9SB,2026/4/8,2026/4/8,#N/A,Tamiya 1/12 Electric RC Car Series No. 347 Lunch Box 2005 58347 - High-Performance Remote Control Car[Direct from Japan],"¥10,756 ","₱5,610.00","¥14,754",#N/A,$0.00,#N/A,#N/A,#N/A,#N/A,2.63,#N/A,#N/A,"₱1,656.00",#N/A,¥978,#N/A,#N/A,14,2790-9612-3504,PH265159541167L
,20260119_miyawaki_ph_07_2,260408921Y2RAH,2026/4/8,2026/4/8,#N/A,Ichiban Kuji YuYu Hakusho Dark Tournament vol.2 Karasu MASTERLISE Prize B Anime Figure,"¥6,690 ","₱4,228.00","¥11,120",#N/A,$0.00,#N/A,#N/A,#N/A,#N/A,2.63,#N/A,#N/A,₱456.00,#N/A,¥608,#N/A,#N/A,79,2790-9697-1602,
,20260312_machida_ph_02,260409CG281WD2,2026/4/10,2026/4/9,#N/A,RG 1/144 Blast Impulse Gundam SpecII,"¥6,380 ","₱3,818.00","¥10,194",#N/A,$0.00,#N/A,#N/A,#N/A,#N/A,2.67,#N/A,#N/A,₱431.00,#N/A,¥580,#N/A,#N/A,28,2790-9654-5464,
,20260316_ishida_ph_01,260409CMPGHQ7A,2026/4/10,2026/4/9,#N/A,Nendoroid Character Vocal Series 03 Megurine Luka Megurine Luka 2.0 Non-Scale Plastic Painted Action Figure,"¥5,800 ","₱3,007.00","¥8,029",#N/A,$0.00,#N/A,#N/A,#N/A,#N/A,2.67,#N/A,#N/A,₱206.00,#N/A,¥527,#N/A,#N/A,24,2790-9654-5523,
,20260325_machida_ph_01_4,260409D1BWB6VV,2026/4/10,2026/4/10,#N/A,Tamiya 1/12 Electric RC Car Series No. 347 Lunch Box 2005 58347 - High-Performance Remote Control Car[Direct from Japan],"¥8,800 ","₱5,610.00","¥14,979",#N/A,$0.00,#N/A,#N/A,#N/A,#N/A,2.67,#N/A,#N/A,"₱1,431.00",#N/A,¥800,#N/A,#N/A,16,2790-9654-5501,
,20260325_machida_ph_01_5,260410EJ8N20FQ,2026/4/10,2026/4/10,#N/A,Tamiya 1/12 Electric RC Car Series No. 347 Lunch Box 2005 58347 - High-Performance Remote Control Car[Direct from Japan],"¥8,800 ","₱5,610.00","¥14,979",#N/A,$0.00,#N/A,#N/A,#N/A,#N/A,2.67,#N/A,#N/A,"₱1,481.00",#N/A,¥800,#N/A,#N/A,16,2790-9665-5865,PH264784166610X
,20260323_machida_ph_01,260411GF9BQ95D,2026/4/13,2026/4/11,#N/A,Tamiya 1/10 Electric RC Car Series No.662 Comical Grasshopper (WR-02CB Chassis) Off-Road 58662 【Direct from Japan】,"¥13,547 ","₱7,810.00","¥20,853",#N/A,$0.00,#N/A,#N/A,#N/A,#N/A,2.67,#N/A,#N/A,"₱1,356.00",#N/A,"¥1,232",#N/A,#N/A,19,2790-9665-6016,PH262482129761E
,20260318_machida_ph_03,260411GYVYDNY9,2026/4/13,2026/4/11,#N/A,TAMIYA 1/10 Electric R/C Car Series No.570 Lancia Delta Integrale (TT-02 Chassis) Onroad 58570,"¥9,800 ","₱5,792.00","¥15,465",#N/A,$0.00,#N/A,#N/A,#N/A,#N/A,2.67,#N/A,#N/A,有在庫へ,#N/A,¥891,#N/A,#N/A,46123,,
,20260320_machida_ph_01_2,260411H0DGP0TD,,2026/4/11,#N/A,TAMIYA 1/12 Electric RC Car Series No. 547 Midnight Pumpkin Black Edition 58547,仕入れ無,"₱6,549.00","¥17,486",#N/A,$0.00,#N/A,#N/A,#N/A,#N/A,2.67,#N/A,#N/A,,#N/A,#VALUE!,#N/A,#N/A,46123,,
,20260409_machida_ph_01,260411HMFJMCEX,2026/4/13,2026/4/11,#N/A,[Direct From Japan] 1/12 Scale Electric RC Assembly Kit: Midnight Pumpkin Metallic Special,"¥8,800 ","₱5,638.00","¥15,053",#N/A,$0.00,#N/A,#N/A,#N/A,#N/A,2.67,#N/A,#N/A,"₱1,531.00",#N/A,¥800,#N/A,#N/A,2,2790-9665-6053,PH2603448427901
,20260318_machida_ph_01_3,260411J0WJXVRG,2026/4/13,2026/4/12,#N/A,Tamiya 1/10 Electric RC Car Series No.571 Porsche 911 Carrera RSR (TT-02 Chassis) On-Road 58571 [New] [Authentic] [Shipped from Japan],"¥10,300 ","₱6,441.00","¥17,197",#N/A,$0.00,#N/A,#N/A,#N/A,#N/A,2.67,#N/A,#N/A,"₱1,206.00",#N/A,¥936,#N/A,#N/A,25,2790-9665-5946,PH268524316165D
,20260213_koyanagi_09,260412M1BUBG7P,2026/4/13,2026/4/12,#N/A,Nintendo Gameboy Advance Pokémon Ruby Japanese No Package,"¥1,898 ",SGD21.97,#VALUE!,#N/A,$0.00,#N/A,#N/A,#N/A,#N/A,2.67,#N/A,#N/A,返送なし,#N/A,¥173,#N/A,#N/A,58,,
,20260318_machida_ph_01_4,260413NHXW45P1,2026/4/13,2026/4/13,#N/A,Tamiya 1/10 Electric RC Car Series No.571 Porsche 911 Carrera RSR (TT-02 Chassis) On-Road 58571 [New] [Authentic] [Shipped from Japan],"¥10,561 ","₱6,441.00","¥17,197",#N/A,$0.00,#N/A,#N/A,#N/A,#N/A,2.67,#N/A,#N/A,"₱1,281.00",#N/A,¥960,#N/A,#N/A,26,2790-9686-9715,PH2667130573865
,20260219_koyanagi_02,260414Q56321K7,2026/4/14,2026/4/14,#N/A,SONY Studio monitor headphones MDR-7506,"¥12,980 ",SGD153.62,#VALUE!,#N/A,$0.00,#N/A,#N/A,#N/A,#N/A,2.65,#N/A,#N/A,,#N/A,"¥1,180",#N/A,#N/A,54,2790-9675-4985,SG269544562847R
, 20260323_machida_ph_02,260415SQXRVU7D,2026/4/15,2026/4/15,#N/A,Authentic Tamiya 1/14 Electric RC Car Series No.672 Monster Beetle Trail (GF-01TR Chassis) 58672,"¥23,800 ","₱9,961.00","¥26,496",#N/A,$0.00,#N/A,#N/A,#N/A,#N/A,2.66,#N/A,#N/A,"₱1,756.00",#N/A,"¥2,164",#N/A,#N/A,23,2790-9695-7090,PH268408110534Q
,20260410_miyawaki_ph_01,260415TRAD1NAV,2026/4/16,2026/4/15,#N/A,Ichiban Kuji Yu Yu Hakusho Dark Tournament Vol. 3 Last One Prize: Youko Kurama MASTERLIZED Figure,"¥7,600 ","₱4,823.00","¥12,829",#N/A,$0.00,#N/A,#N/A,#N/A,#N/A,2.66,#N/A,#N/A,₱631.00,#N/A,¥691,#N/A,#N/A,5,2790-9761-1133,
,20260415_miyawaki_ph_03 ,260415TSQ9AE0W,2026/4/15,2026/4/15,#N/A,Ichiban Kuji Frieren: Beyond Journey's End Frieren Prize A Figure,"¥6,900 ","₱4,306.00","¥11,454",#N/A,$0.00,#N/A,#N/A,#N/A,#N/A,2.66,#N/A,#N/A,₱906.00,#N/A,¥627,#N/A,#N/A,0,2790-9761-1181,
,20260123_machida_ph_04_4,260415TT09B9XA,,2026/4/15,#N/A,Tamiya 1/10 Electric RC Car Series No.242 Wild Willy 2 Off-Road 58242,仕入れ無,"₱7,234.00","¥19,242",#N/A,$0.00,#N/A,#N/A,#N/A,#N/A,2.66,#N/A,#N/A,,#N/A,#VALUE!,#N/A,#N/A,46127,,
,20260407_mizushima_ph_01,260415V3TPTBGN,2026/4/16,2026/4/16,#N/A,BANDAI SPIRITS MG 1/100 Justice Gundam [CROSS CONTRAST COLORS / CLEAR GREEN] Gundam Base Event Limited Edition,"¥9,123 ","₱5,415.00","¥14,350",#N/A,$0.00,#N/A,#N/A,#N/A,#N/A,2.65,#N/A,#N/A,₱731.00,#N/A,¥829,#N/A,#N/A,9,2790-9697-1506,PH2625235952087
,20260410_miyawaki_ph_01_2,2604171MTQ5J22,2026/4/17,2026/4/17,#N/A,Ichiban Kuji Yu Yu Hakusho Dark Tournament Vol. 3 Last One Prize: Youko Kurama MASTERLIZED Figure,"¥7,500 ","₱4,823.00","¥12,829",#N/A,$0.00,#N/A,#N/A,#N/A,#N/A,2.66,#N/A,#N/A,₱631.00,#N/A,¥682,#N/A,#N/A,7,2790-9778-3613,
,20260410_miyawaki_ph_01_3,2604185A4WFU61,,2026/4/20,#N/A,Ichiban Kuji Yu Yu Hakusho Dark Tournament Vol. 3 Last One Prize: Youko Kurama MASTERLIZED Figure,仕入れ無,"₱4,823.00","¥12,877",#N/A,$0.00,#N/A,#N/A,#N/A,#N/A,2.67,#N/A,#N/A,,#N/A,#VALUE!,#N/A,#N/A,46132,,
,20260409_machida_ph_01_2,2604197RQ772N8,2026/4/20,2026/4/19,#N/A,[Direct From Japan] 1/12 Scale Electric RC Assembly Kit: Midnight Pumpkin Metallic Special,"¥8,800 ","₱5,638.00","¥14,997",#N/A,$0.00,#N/A,#N/A,#N/A,#N/A,2.66,#N/A,#N/A,"₱1,606.00",#N/A,¥800,#N/A,#N/A,10,2790-9750-2714,
,20260415_miyawaki_ph_03_2,26041985CPVC1N,2026/4/20,2026/4/19,#N/A,Ichiban Kuji Frieren: Beyond Journey's End Frieren Prize A Figure,"¥6,795 ","₱4,559.00","¥12,127",#N/A,$0.00,#N/A,#N/A,#N/A,#N/A,2.66,#N/A,#N/A,₱981.00,#N/A,¥618,#N/A,#N/A,4,2790-9768-4902,
,20260324_machida_ph_01,26041992DVFC55,2026/4/20,2026/4/20,#N/A,Authentic Tamiya Unisex 1/10 Electric RC Car Series No.628 Racing Fighter (DT-03 Chassis) Off-Road,"¥8,410 ","₱5,761.00","¥15,382",#N/A,$0.00,#N/A,#N/A,#N/A,#N/A,2.67,#N/A,#N/A,"₱1,206.00",#N/A,¥765,#N/A,#N/A,27,2790-9750-2541,
,20260330_machida_ph_01,260420A1E9TSMU,2026/4/20,2026/4/20,#N/A,【Directly from Japan】 TAMIYA 1/35 Military Miniature Series No. 362 French Main Battle Tank Leclerc Series 2 Plastic Model 35362 (Tank),"¥3,200 ","₱2,226.00","¥5,943",#N/A,$0.00,#N/A,#N/A,#N/A,#N/A,2.67,#N/A,#N/A,₱481.00,#N/A,¥291,#N/A,#N/A,21,2790-9750-2600,
,20260409_machida_ph_01_3,260420A4EQ1PRR,2026/4/20,2026/4/20,#N/A,[Direct From Japan] 1/12 Scale Electric RC Assembly Kit: Midnight Pumpkin Metallic Special,"¥11,000 ","₱5,638.00","¥15,053",#N/A,$0.00,#N/A,#N/A,#N/A,#N/A,2.67,#N/A,#N/A,"₱1,678.00",#N/A,"¥1,000",#N/A,#N/A,11,2790-9750-2670,
,20260316_machida_ph_03,260420A65967MV,2026/3/30,2026/4/20,#N/A,Bandai (Bandai) RG 1/144 GUNDAM SIDE-F Limited RX-93FF ν Gundam Mobile Suit Gundam Counterattack Char,"¥7,255 ","₱4,085.00","¥10,907",#N/A,$0.00,#N/A,#N/A,#N/A,#N/A,2.67,#N/A,#N/A,₱706.00,#N/A,¥660,#N/A,#N/A,35,2790-9750-2762,
, 20260413_machida_ph_01,260420AUDNJSB5,2026/4/21,2026/4/20,#N/A,[Direct From Japan] Tamiya 1/10 Electric RC Car Series No. 546 1/12 Lunchbox Black Edition 58546,"¥10,979 ","₱6,656.00","¥17,772",#N/A,$0.00,#N/A,#N/A,#N/A,#N/A,2.67,#N/A,#N/A,"₱1,431.00",#N/A,¥998,#N/A,#N/A,7,2790-9768-4935,PH266358979918L
,20260417_miyawaki_ph_04,260420BBMKWXP1,,2026/4/20,#N/A,Ichiban Kuji Frieren: Beyond Journey's End Last One Prize: Frieren Art Scale Figure,仕入れ無,"₱8,569.00","¥22,879",#N/A,$0.00,#N/A,#N/A,#N/A,#N/A,2.67,#N/A,#N/A,,#N/A,#VALUE!,#N/A,#N/A,46132,,
,20260417_miyawaki_ph_04,260420BDMV1DF6,2026/4/21,2026/4/20,#N/A,Ichiban Kuji Frieren: Beyond Journey's End Last One Prize: Frieren Art Scale Figure,"¥12,700 ","₱8,569.00","¥22,879",#N/A,$0.00,#N/A,#N/A,#N/A,#N/A,2.67,#N/A,#N/A,"₱1,156.00",#N/A,"¥1,155",#N/A,#N/A,3,2790-9778-3521,PH266994888353I
,20260119_machida_ph_03,260421D9XXTW7F,2026/4/22,2026/4/21,#N/A,"Seiko Wall Clock – Musical Motion Clock, Radio-Controlled RE576A (Analog / Triple-Selection Melody / Rotating Ornaments / Ivory Marble","¥20,800 ","₱9,893.00","¥26,315",#N/A,$0.00,#N/A,#N/A,#N/A,#N/A,2.66,#N/A,#N/A,"₱4,081.00",#N/A,"¥1,891",#N/A,#N/A,92,2790-9768-4950,PH266118103097C
,20260123_machida_ph_02,260421D9XXTW7F,2026/4/22,2026/4/21,#N/A,Seiko Clock Wall Clock Quartz Clock Mechanical Clock Analog Triple Selection Melody Silver 443×405×97mm RE602S,"¥22,000 ","₱11,350.00","¥30,191",#N/A,$0.00,#N/A,#N/A,#N/A,#N/A,2.66,#N/A,#N/A,↑同梱,#N/A,"¥2,000",#N/A,#N/A,88,2790-9768-4950,PH266118103097C
,20260408_mizushima_ph_05,260421DCVQ349X,2026/4/22,2026/4/21,#N/A,"MIC DiGiSM One and Only ""SLAM DUNK"" Takenori Akagi, approximately 170mm tall, non-scale, PVC + ABS painted finished figure.","¥6,980 ","₱3,442.00","¥9,156",#N/A,$0.00,#N/A,#N/A,#N/A,#N/A,2.66,#N/A,#N/A,₱181.00,#N/A,¥635,#N/A,#N/A,13,2790-9768-5031,PH264631051256P
,20260410_miyawaki_ph_01_3,260421DKC6JCAQ,2026/4/23,2026/4/21,#N/A,Ichiban Kuji Yu Yu Hakusho Dark Tournament Vol. 3 Last One Prize: Youko Kurama MASTERLIZED Figure,"¥7,400 ","₱4,823.00","¥12,829",#N/A,$0.00,#N/A,#N/A,#N/A,#N/A,2.66,#N/A,#N/A,₱656.00,#N/A,¥673,#N/A,#N/A,11,2790-9778-3554,PH262884305575M
,20260303_miyawaki_ph_02,260421DKUPFR4G,2026/4/24,2026/4/21,#N/A,Ichiban Kuji JoJo's Bizarre Adventure -THE★JOJO WORLD Jolyne Cujoh Prize F Anime Figure,"¥6,690 ","₱4,093.00","¥10,887",#N/A,$0.00,#N/A,#N/A,#N/A,#N/A,2.66,#N/A,#N/A,₱406.00,#N/A,¥608,#N/A,#N/A,49,2790-9828-6530,PH263263679815E
, 20260422_machida_ph_03,260422F86UHJPT,2026/4/22,2026/4/22,#N/A,"[Direct From Japan] Wild Willy 2, WR-02 Dual Hunter and other A-parts, 10005713","¥3,156 ","₱2,466.00","¥6,560",#N/A,$0.00,#N/A,#N/A,#N/A,#N/A,2.66,#N/A,#N/A,₱131.00,#N/A,¥287,#N/A,#N/A,0,2790-9778-3425,PH2683161625963
,20260417_miyawaki_ph_04_2,260422FJ1YQV6S,2026/4/23,2026/4/22,#N/A,Ichiban Kuji Frieren: Beyond Journey's End Last One Prize: Frieren Art Scale Figure,"¥13,300 ","₱8,569.00","¥22,794",#N/A,$0.00,#N/A,#N/A,#N/A,#N/A,2.66,#N/A,#N/A,"₱1,481.00",#N/A,"¥1,209",#N/A,#N/A,5,2790-9865-9604,PH264491200649P
,20260219_machida_sg_06,260422G5BCYJD6,2026/4/23,2026/4/22,#N/A,Seiko Watch ALBA Ghibli Collaboration Model Kiki's Delivery Service,"¥5,420 ",SGD85.50,#VALUE!,#N/A,$0.00,#N/A,#N/A,#N/A,#N/A,2.66,#N/A,#N/A,,#N/A,¥493,#N/A,#N/A,62,2790-9778-3462,SG263873320414M
,20260410_miyawaki_ph_01_4,260423J1N1F14B,2026/4/23,2026/4/23,#N/A,Ichiban Kuji Yu Yu Hakusho Dark Tournament Vol. 3 Last One Prize: Youko Kurama MASTERLIZED Figure,"¥7,030 ","₱4,823.00","¥12,781",#N/A,$0.00,#N/A,#N/A,#N/A,#N/A,2.65,#N/A,#N/A,,#N/A,¥639,#N/A,#N/A,13,2790-9828-6611,PH2647413472315
,20260410_miyawaki_ph_01_5,260423JH85NP7A,2026/4/24,2026/4/23,#N/A,Ichiban Kuji Yu Yu Hakusho Dark Tournament Vol. 3 Last One Prize: Youko Kurama MASTERLIZED Figure,"¥7,611 ","₱4,823.00","¥12,781",#N/A,$0.00,#N/A,#N/A,#N/A,#N/A,2.65,#N/A,#N/A,₱681.00,#N/A,¥692,#N/A,#N/A,13,2790-9855-1476,
,20260402_miyawaki_ph_01,260423JHB23QF1,2026/4/24,2026/4/23,#N/A,Ichiban Kuji Yu Yu Hakusho Dark Tournament vol.3 Hiei MASTERLIZED Prize C Figure,¥713 ,"₱2,318.00","¥6,143",#N/A,$0.00,#N/A,#N/A,#N/A,#N/A,2.65,#N/A,#N/A,₱381.00,#N/A,¥65,#N/A,#N/A,21,2790-9828-6375,PH264376250739W
,20260417_miyawaki_ph_04_3,260423JPCH3VD9,2026/4/24,2026/4/23,#N/A,Ichiban Kuji Frieren: Beyond Journey's End Last One Prize: Frieren Art Scale Figure,"¥13,400 ","₱8,569.00","¥22,708",#N/A,$0.00,#N/A,#N/A,#N/A,#N/A,2.65,#N/A,#N/A,"₱1,456.00",#N/A,"¥1,218",#N/A,#N/A,6,2790-9828-6320,PH264928617113J
,20260123_machida_ph_04_4,260424M1FJJ92V,2026/4/24,2026/4/24,#N/A,Tamiya 1/10 Electric RC Car Series No.242 Wild Willy 2 Off-Road 58242,"¥11,000 ","₱7,234.00","¥19,098",#N/A,$0.00,#N/A,#N/A,#N/A,#N/A,2.64,#N/A,#N/A,有在庫へ,#N/A,"¥1,000",#N/A,#N/A,91,,PH265747284624M
,20260417_miyawaki_ph_04_4,260424MCCJ0HH0,2026/4/24,2026/4/24,#N/A,Ichiban Kuji Frieren: Beyond Journey's End Last One Prize: Frieren Art Scale Figure,"¥12,900 ","₱8,569.00","¥22,622",#N/A,$0.00,#N/A,#N/A,#N/A,#N/A,2.64,#N/A,#N/A,"₱1,331.00",#N/A,"¥1,173",#N/A,#N/A,7,2790-9865-9523,
,20260415_miyawaki_ph_03_4,260424MEM5PX3F,2026/4/24,2026/4/24,#N/A,Ichiban Kuji Frieren: Beyond Journey's End Frieren Prize A Figure,"¥6,600 ","₱4,559.00","¥12,036",#N/A,$0.00,#N/A,#N/A,#N/A,#N/A,2.64,#N/A,#N/A,₱906.00,#N/A,¥600,#N/A,#N/A,9,2790-9828-6272,PH2698299548133
,20260410_miyawaki_ph_01_6 ,260424MU4CK94B,2026/5/1,2026/4/24,#N/A,Ichiban Kuji Yu Yu Hakusho Dark Tournament Vol. 3 Last One Prize: Youko Kurama MASTERLIZED Figure,"¥7,599 ","₱4,823.00","¥12,733",#N/A,$0.00,#N/A,#N/A,#N/A,#N/A,2.64,#N/A,#N/A,₱531.00,#N/A,¥691,#N/A,#N/A,14,2790-9865-9630,
,20260324_machida_ph_02,260425P3PCW09G,2026/4/27,2026/4/25,#N/A,Authentic Tamiya 1/10 Electric RC Car Series No.336 Hornet,"¥7,980 ","₱5,100.00","¥13,464",#N/A,$0.00,#N/A,#N/A,#N/A,#N/A,2.64,#N/A,#N/A,"₱1,056.00",#N/A,¥725,#N/A,#N/A,32,2790-9828-6445,PH2660292539123
,20260422_machida_ph_04,260425PVU07FU5,2026/4/27,2026/4/25,#N/A,Takara Tomy (TAKARA TOMY) Tomica Premium NISSAN SPORTS CARS 3 MODELS Collection Die-cast cars Toys For ages 6 and over,"¥2,705 ","₱1,896.00","¥5,005",#N/A,$0.00,#N/A,#N/A,#N/A,#N/A,2.64,#N/A,#N/A,₱181.00,#N/A,¥246,#N/A,#N/A,3,2790-9828-6655,PH268604390865E
,20260409_machida_ph_01_4,260425Q4AE3JT0,2026/4/27,2026/4/25,#N/A,[Direct From Japan] 1/12 Scale Electric RC Assembly Kit: Midnight Pumpkin Metallic Special,"¥8,800 ","₱6,694.00","¥17,672",#N/A,$0.00,#N/A,#N/A,#N/A,#N/A,2.64,#N/A,#N/A,"₱1,431.00",#N/A,¥800,#N/A,#N/A,16,2790-9828-6482,PH261550706323M
,20260408_machida_ph_06,260426SFC8KYCV,2026/4/27,2026/4/26,#N/A,"Kaiyodo Revoltech Amazing Yamaguchi Deadpool Ver. 2.5, approximately 170mm tall","¥10,667 ","₱5,673.00","¥14,977",#N/A,$0.00,#N/A,#N/A,#N/A,#N/A,2.64,#N/A,#N/A,₱256.00,#N/A,¥970,#N/A,#N/A,18,2790-9842-8943,PH264573081413T
,20260407_machida_ph_07,260426T9APRBJ6,,2026/4/26,#N/A,S.H.Figuarts ONE PIECE Monkey D. Luffy -Dawn of Adventure- Approximately 145mm ABS&PVC painted movable figure [Direct From Japan],仕入れ無,"₱2,258.00","¥5,961",#N/A,$0.00,#N/A,#N/A,#N/A,#N/A,2.64,#N/A,#N/A,,#N/A,#VALUE!,#N/A,#N/A,46138,,
,20260415_miyawaki_ph_03_3,260427U35HE3WV,2026/4/27,2026/4/27,#N/A,Ichiban Kuji Frieren: Beyond Journey's End Frieren Prize A Figure,"¥7,000 ","₱4,593.00","¥12,080",#N/A,$0.00,#N/A,#N/A,#N/A,#N/A,2.63,#N/A,#N/A,₱981.00,#N/A,¥636,#N/A,#N/A,12,2790-9855-1653,
,20260402_miyawaki_ph_01_2,260427U4VMU16J,2026/4/27,2026/4/27,#N/A,Ichiban Kuji Yu Yu Hakusho Dark Tournament vol.3 Hiei MASTERLIZED Prize C Figure,"¥3,000 ","₱2,318.00","¥6,096",#N/A,$0.00,#N/A,#N/A,#N/A,#N/A,2.63,#N/A,#N/A,₱381.00,#N/A,¥273,#N/A,#N/A,25,2790-9855-1561,
,20260415_miyawaki_ph_03_5,260427VHYG10XJ,2026/4/29,2026/4/27,#N/A,Ichiban Kuji Frieren: Beyond Journey's End Frieren Prize A Figure,"¥6,250 ","₱4,593.00","¥12,080",#N/A,$0.00,#N/A,#N/A,#N/A,#N/A,2.63,#N/A,#N/A,"₱1,056.00",#N/A,¥568,#N/A,#N/A,12,2790-9936-9942,
,20260420_ishida_ph_06,2604280ECM7W63,2026/4/28,2026/4/28,#N/A,Nendoroid Blue Archive Ajitani Hifumi Non-scale Plastic Painted Movable Figure,"¥7,160 ","₱2,736.00","¥7,196",#N/A,$0.00,#N/A,#N/A,#N/A,#N/A,2.63,#N/A,#N/A,,#N/A,¥651,#N/A,#N/A,8,2790-9842-8840,PH268114528115J
,20260302_machida_ph_02,2604281PAC18R0,2026/4/29,2026/4/28,#N/A,Jurassic World Hammond Collection Stegosaurus Action Figure Dinosaur Toy,"¥4,773 ","₱2,908.00","¥7,648",#N/A,$0.00,#N/A,#N/A,#N/A,#N/A,2.63,#N/A,#N/A,₱531.00,#N/A,¥434,#N/A,#N/A,57,2790-9855-1384,PH2636751393900
,20260318_machida_ph_01_4,2604281UNMUHVN,2026/4/29,2026/4/28,#N/A,Tamiya 1/10 Electric RC Car Series No.571 Porsche 911 Carrera RSR (TT-02 Chassis) On-Road 58571 [New] [Authentic] [Shipped from Japan],"¥11,000 ","₱6,441.00","¥16,940",#N/A,$0.00,#N/A,#N/A,#N/A,#N/A,2.63,#N/A,#N/A,"₱1,281.00",#N/A,"¥1,000",#N/A,#N/A,41,2790-9855-1712,PH262433994161X
,20260423_miyawaki_ph_01,2604281YMEPRDD,2026/4/29,2026/4/28,#N/A,Ichiban Kuji WIND BREAKER Original 5th Anniversary A Prize: Sakura Haruka Figure,"¥4,500 ","₱2,800.00","¥7,364",#N/A,$0.00,#N/A,#N/A,#N/A,#N/A,2.63,#N/A,#N/A,₱206.00,#N/A,¥409,#N/A,#N/A,5,2790-9865-9383,
,20260422_mizushima_ph_02,26042825JTS270,2026/4/29,2026/4/28,#N/A,[Casio] G-SHOCK Watch [Authentic Japanese Import] GA-100BEG-1AJF Men's Black,"¥14,960 ","₱7,853.00","¥20,653",#N/A,$0.00,#N/A,#N/A,#N/A,#N/A,2.63,#N/A,#N/A,有在庫へ,#N/A,"¥1,360",#N/A,#N/A,6,,PH261270434320P
,20260402_miyawaki_ph_01_3,26042825W5PS13,2026/4/29,2026/4/28,#N/A,chiban Kuji Yu Yu Hakusho Dark Tournament vol.3 Hiei MASTERLIZE Prize C Figure,"¥2,880 ","₱2,318.00","¥6,096",#N/A,$0.00,#N/A,#N/A,#N/A,#N/A,2.63,#N/A,#N/A,₱381.00,#N/A,¥262,#N/A,#N/A,26,2790-9900-9781,
,20260428_miyawaki_ph_01,2604282A31K0J8,2026/4/29,2026/4/28,#N/A,Ichiban Kuji Yu Yu Hakusho Dark Tournament vol.3 Kazuma Kuwabara MASTERLIZE Prize B Figure,"¥10,333 ","₱6,433.00","¥16,919",#N/A,$0.00,#N/A,#N/A,#N/A,#N/A,2.63,#N/A,#N/A,,#N/A,¥939,#N/A,#N/A,0,2790-9901-0164,
,20260119_miyawaki_ph_07_3,2604282A404UG5,2026/4/30,2026/4/28,#N/A,Ichiban Kuji Yu Yu Hakusho Dark Tournament vol.2 Karasu MASTERLISE Prize B Anime Figure,"¥7,399 ","₱4,228.00","¥11,120",#N/A,$0.00,#N/A,#N/A,#N/A,#N/A,2.63,#N/A,#N/A,,#N/A,¥673,#N/A,#N/A,99,2790-9937-0056,
,20260422_ishida_ph_01,2604282DW2V5T4,,2026/4/28,#N/A,[BANDAI]GODZIBURST Godzilla(1954),仕入れ無,₱502.00,"¥1,320",#N/A,$0.00,#N/A,#N/A,#N/A,#N/A,2.63,#N/A,#N/A,,#N/A,#VALUE!,#N/A,#N/A,46140,,
,20260410_miyawaki_ph_01_7,2604293F2XAVA7,2026/4/29,2026/4/29,#N/A,Ichiban Kuji Yu Yu Hakusho Dark Tournament Vol. 3 Last One Prize: Youko Kurama MASTERLIZE Figure,"¥7,200 ","₱4,823.00","¥12,684",#N/A,$0.00,#N/A,#N/A,#N/A,#N/A,2.63,#N/A,#N/A,₱631.00,#N/A,¥655,#N/A,#N/A,19,2790-9901-0035,
,20260422_ishida_ph_05,2604293V8AA7CN,2026/4/29,2026/4/29,#N/A,[BANDAI]GODZIBURST Godzilla(2016),¥730 ,₱512.00,"¥1,347",#N/A,$0.00,#N/A,#N/A,#N/A,#N/A,2.63,#N/A,#N/A,₱581.00,#N/A,¥66,#N/A,#N/A,7,2790-9855-1351,PH260469861322F
,20260422_ishida_ph_02,2604293V8AA7CN,,2026/4/29,#N/A,[BANDAI]GODZIBURST Godzilla(2004),¥691 ,₱492.00,"¥1,294",#N/A,$0.00,#N/A,#N/A,#N/A,#N/A,2.63,#N/A,#N/A,↑同梱,#N/A,¥63,#N/A,#N/A,7,2790-9855-1351,PH260469861322F
,20260423_ishida_ph_05,2604293V8AA7CN,,2026/4/29,#N/A,[BANDAI]GODZIBURST Mechagodzilla (1993),¥730 ,₱513.00,"¥1,349",#N/A,$0.00,#N/A,#N/A,#N/A,#N/A,2.63,#N/A,#N/A,↑同梱,#N/A,¥66,#N/A,#N/A,6,2790-9855-1351,PH260469861322F
,20260423_ishida_ph_02,2604293V8AA7CN,,2026/4/29,#N/A,[BANDAI]GODZIBURST Mechagodzilla (1974),¥694 ,₱496.00,"¥1,304",#N/A,$0.00,#N/A,#N/A,#N/A,#N/A,2.63,#N/A,#N/A,↑同梱,#N/A,¥63,#N/A,#N/A,6,2790-9855-1351,PH260469861322F
,20260423_ishida_ph_03,2604293V8AA7CN,,2026/4/29,#N/A,[BANDAI]GODZIBURST DX:King Ghidorah (1991),"¥1,527 ",₱915.00,"¥2,406",#N/A,$0.00,#N/A,#N/A,#N/A,#N/A,2.63,#N/A,#N/A,↑同梱,#N/A,¥139,#N/A,#N/A,6,2790-9855-1351,PH260469861322F
,20260422_ishida_ph_01,2604293V8AA7CN,,2026/4/29,#N/A,[BANDAI]GODZIBURST Godzilla(1954),¥710 ,₱502.00,"¥1,320",#N/A,$0.00,#N/A,#N/A,#N/A,#N/A,2.63,#N/A,#N/A,↑同梱,#N/A,¥65,#N/A,#N/A,7,2790-9855-1351,PH260469861322F
,20260417_miyawaki_ph_02,26042949BNDTAQ,2026/4/30,2026/4/29,#N/A,Ichiban Kuji Yu Yu Hakusho Dark Tournament Prize B Yusuke Urameshi MASTERLISE Figure,"¥4,726 ","₱2,960.00","¥7,785",#N/A,$0.00,#N/A,#N/A,#N/A,#N/A,2.63,#N/A,#N/A,,#N/A,¥430,#N/A,#N/A,12,2790-9900-9593,
,20260323_machida_ph_01_2,2604294VDCQRMG,2026/4/30,2026/4/29,#N/A,Tamiya 1/10 Electric RC Car Series No.662 Comical Grasshopper (WR-02CB Chassis) Off-Road 58662 【Direct from Japan】,"¥13,130 ","₱7,810.00","¥20,540",#N/A,$0.00,#N/A,#N/A,#N/A,#N/A,2.63,#N/A,#N/A,"₱1,481.00",#N/A,"¥1,194",#N/A,#N/A,37,2790-9865-9420,PH266926539870N
,20260401_ishida_ph_01,2604305TPN1334,2026/4/30,2026/4/30,#N/A,[Good Smile Arts Shanghai] Nendoroid Rebirth 1999 X Non-scale Plastic Painted Movable Figure,"¥6,710 ","₱3,980.00","¥10,388",#N/A,$0.00,#N/A,#N/A,#N/A,#N/A,2.61,#N/A,#N/A,₱181.00,#N/A,¥610,#N/A,#N/A,29,2790-9952-5714,
,20260420_mizushima_ph_07,26043062SXWNV3,2026/4/30,2026/4/30,#N/A,[Gundam Base / Event Exclusive] MG 1/100 Zaku II Ver.Ka Mechanical Clear Model Kit from Mobile Suit Gundam: Char's Counterattack (Bandai Spirits),"¥12,000 ","₱7,146.00","¥18,651",#N/A,$0.00,#N/A,#N/A,#N/A,#N/A,2.61,#N/A,#N/A,"₱1,156.00",#N/A,"¥1,091",#N/A,#N/A,10,2790-9937-0675,PH266090873416O
,20260402_miyawaki_ph_01_4,260430652AGS63,2026/4/30,2026/4/30,#N/A,Ichiban Kuji Yu Yu Hakusho Dark Tournament vol.3 Hiei MASTERLIZE Prize C Figure,"¥3,500 ","₱2,318.00","¥6,050",#N/A,$0.00,#N/A,#N/A,#N/A,#N/A,2.61,#N/A,#N/A,₱356.00,#N/A,¥318,#N/A,#N/A,28,2790-9937-0395,
,20260424_ishida_ph_03,260430691B098Y,2026/4/30,2026/4/30,#N/A,[Direct From Japan]YAMAHA Portable Speaker WS-B1A(B): Bluetooth / Compact / IP67-rated dust and water resistance / Ideal for wet areas and outdoor use / Clear Voice / Black,"¥9,980 ","₱6,126.00","¥15,989",#N/A,$0.00,#N/A,#N/A,#N/A,#N/A,2.61,#N/A,#N/A,,#N/A,¥907,#N/A,#N/A,6,2790-9900-9674,PH2621787523417
,20260324_machida_ph_03,26043077JD9Q3P,2026/5/1,2026/4/30,#N/A,Authentic Tamiya 1/10 Electric RC Car Series No.599 RAYBRIG NSX CONCEPT-GT (TT-02 Chassis) On-Road,"¥10,560 ","₱7,064.00","¥18,437",#N/A,$0.00,#N/A,#N/A,#N/A,#N/A,2.61,#N/A,#N/A,"₱1,356.00",#N/A,¥960,#N/A,#N/A,37,2790-9919-5782,PH2623307145304
,20260410_miyawaki_ph_01_8,2604307A2697M9,2026/5/1,2026/4/30,#N/A,Ichiban Kuji Yu Yu Hakusho Dark Tournament Vol. 3 Last One Prize: Youko Kurama MASTERLIZE Figure,"¥7,500 ","₱4,823.00","¥12,588",#N/A,$0.00,#N/A,#N/A,#N/A,#N/A,2.61,#N/A,#N/A,,#N/A,¥682,#N/A,#N/A,20,2791-0044-3322,
,20260417_miyawaki_ph_04_5,2604307FJSR8BG,2026/5/1,2026/4/30,#N/A,Ichiban Kuji Frieren: Beyond Journey's End Last One Prize: Frieren Art Scale Figure,,"₱8,569.00","¥22,365",#N/A,$0.00,#N/A,#N/A,#N/A,#N/A,2.61,#N/A,#N/A,"₱2,156.00",#N/A,¥0,#N/A,#N/A,13,2790-9952-6156,
,20260415_miyawaki_ph_03_6,2604307FJSR8BG,2026/5/1,2026/4/30,#N/A,Ichiban Kuji Frieren: Beyond Journey's End Frieren Prize A Figure,"¥6,100 ","₱4,593.00","¥11,988",#N/A,$0.00,#N/A,#N/A,#N/A,#N/A,2.61,#N/A,#N/A,↑同梱,#N/A,¥555,#N/A,#N/A,15,2790-9952-6156,
,20260407_machida_ph_07,2604307HTFAJ46,2026/5/4,2026/4/30,#N/A,S.H.Figuarts ONE PIECE Monkey D. Luffy -Dawn of Adventure- Approximately 145mm ABS&PVC painted movable figure [Direct From Japan],"¥3,570 ","₱2,258.00","¥5,893",#N/A,$0.00,#N/A,#N/A,#N/A,#N/A,2.61,#N/A,#N/A,₱81.00,#N/A,¥325,#N/A,#N/A,23,2790-9936-9603,
,20260406_mizushima_ph_01,260501885C2FJU,2026/5/1,2026/5/1,2026/6/3,BANDAI SPIRITS MG 1/100 Gundam Base Limited GM Sniper Custom (Mobile Suit Zeta Gundam Version),"¥8,100 ","₱5,205.00","¥13,377",#N/A,$0.00,-₱102.00,-₱400.00,-₱117.00,"₱3,880.00",2.57,2.59,"¥10,049",,-¥24,¥736,"¥2,662",19.90%,25,2790-9952-5891,
,20260410_mizushima_ph_11,26050188MS2JEY,2026/5/1,2026/5/1,#N/A,[Tamiya] 1/10 Electric RC Car Series No. 489 4WD Racing Buggy Avante (2011) Electric Radio Control,"¥53,900 ","₱28,028.00","¥72,032",#N/A,$0.00,#N/A,#N/A,#N/A,#N/A,2.57,#N/A,#N/A,,#N/A,"¥4,900",#N/A,#N/A,21,2790-9937-0583,
,20260402_miyawaki_ph_01_5,2605018JC17S1A,2026/5/1,2026/5/1,#N/A,Ichiban Kuji Yu Yu Hakusho Dark Tournament vol.3 Hiei MASTERLIZE Prize C Figure,"¥3,100 ","₱2,383.00","¥6,124",#N/A,$0.00,#N/A,#N/A,#N/A,#N/A,2.57,#N/A,#N/A,₱331.00,#N/A,¥282,#N/A,#N/A,29,2791-0044-3635,
,20260119_miyawaki_ph_07_4,2605018JT0GPRV,2026/5/1,2026/5/1,#N/A,Ichiban Kuji Yu Yu Hakusho Dark Tournament vol.2 Karasu MASTERLISE Prize B Anime Figure,"¥6,000 ","₱4,228.00","¥10,866",#N/A,$0.00,#N/A,#N/A,#N/A,#N/A,2.57,#N/A,#N/A,,#N/A,¥545,#N/A,#N/A,102,2791-0055-8041,
,20260417_sugahara_ph_01,2605018N91NXNR,2026/5/1,2026/5/1,#N/A,Tamiya Star Unit Comical Wheelie Series No. 9 RC Lunchbox Mini (SW-01 Chassis) 57409,"¥8,980 ","₱5,536.00","¥14,228",#N/A,$0.00,#N/A,#N/A,#N/A,#N/A,2.57,#N/A,#N/A,有在庫へ,#N/A,¥816,#N/A,#N/A,14,2790-9937-0992,
,20260306_machida_ph_04_2,2605018XJCEPNN,2026/5/1,2026/5/1,#N/A,Tamiya RC Special Product 1/10 Electric RC Car Super Astute 2018 Off-Road 47381,"¥25,800 ","₱13,167.00","¥33,839",#N/A,$0.00,#N/A,#N/A,#N/A,#N/A,2.57,#N/A,#N/A,"₱1,531.00",#N/A,"¥2,345",#N/A,#N/A,56,2790-9937-0830,PH263598701354C
,20260413_ishida_ph_01,2605019NTEWHWA,2026/5/4,2026/5/1,#N/A,Good Smile Company Nendoroid Teto Kasane 2.0 Non-scale Plastic Painted Movable Figure,"¥6,290 ","₱3,525.00","¥9,059",#N/A,$0.00,#N/A,#N/A,#N/A,#N/A,2.57,#N/A,#N/A,,#N/A,¥572,#N/A,#N/A,18,2790-9952-5795,PH262710400167B
,20260424_machida_ph_16,260501A098FT6U,2026/5/4,2026/5/1,#N/A,[Direct From Japan] Takara Tomy (TAKARA TOMY) Plarail S-56 Mickey Mouse Speed Express Train Set – Toy for ages 3 and up,"¥1,609 ","₱1,399.00","¥3,595",#N/A,$0.00,#N/A,#N/A,#N/A,#N/A,2.57,#N/A,#N/A,₱231.00,#N/A,¥146,#N/A,#N/A,7,2790-9919-5675,PH267437939561N
,20260420_mizushima_ph_09,260502ARNT5SNC,2026/5/5,2026/5/2,2026/6/3,[Gundam Base / Event Exclusive] MG 1/100 Wing Gundam Zero EW [CROSS CONTRAST COLORS / CLEAR PURPLE] Plastic Model Kit (Bandai Spirits),"¥8,611 ","₱5,921.00","¥15,217",#N/A,$0.00,-₱116.00,-₱400.00,-₱133.00,"₱4,541.00",2.57,2.59,"¥11,761",₱731.00,-¥27,¥783,"¥3,175",20.86%,12,2790-9952-5622,PH263466606750R
,20260316_machida_ph_02,260502BAH340RF,,2026/5/2,#N/A,Bandai MG 1/100 Gundam Epyon EW Sturm und Drang Unit Model Kit Gundam W Endless Waltz Gunpla Japan,仕入れ無,"₱6,302.00","¥16,196",#N/A,$0.00,#N/A,#N/A,#N/A,#N/A,2.57,#N/A,#N/A,,#N/A,#VALUE!,#N/A,#N/A,46144,,
,20260316_machida_ph_02,260502BAJ98GET,,2026/5/2,#N/A,Bandai MG 1/100 Gundam Epyon EW Sturm und Drang Unit Model Kit Gundam W Endless Waltz Gunpla Japan,仕入れ無,"₱6,302.00","¥16,196",#N/A,$0.00,#N/A,#N/A,#N/A,#N/A,2.57,#N/A,#N/A,,#N/A,#VALUE!,#N/A,#N/A,46144,,
,20260417_miyawaki_ph_04_6,260502C8CA8SJC,,2026/5/2,#N/A,Ichiban Kuji Frieren: Beyond Journey's End Last One Prize: Frieren Art Scale Figure,仕入れ無,"₱8,569.00","¥22,022",#N/A,$0.00,#N/A,#N/A,#N/A,#N/A,2.57,#N/A,#N/A,,#N/A,#VALUE!,#N/A,#N/A,46144,,
,20260415_miyawaki_ph_03_7,260502CEUMYQEJ,2026/5/4,2026/5/2,#N/A,Ichiban Kuji Frieren: Beyond Journey's End Frieren Prize A Figure,"¥6,500 ","₱4,593.00","¥11,804",#N/A,$0.00,#N/A,#N/A,#N/A,#N/A,2.57,#N/A,#N/A,,#N/A,¥591,#N/A,#N/A,17,2791-0055-7923,
,20260422_ishida_ph_04,260502CHBHUABM,2026/5/4,2026/5/2,#N/A,[BANDAI]GODZIBURST Godzilla(1991),¥718 ,₱506.00,"¥1,300",#N/A,$0.00,#N/A,#N/A,#N/A,#N/A,2.57,#N/A,#N/A,有在庫へ,#N/A,¥65,#N/A,#N/A,10,,PH267034409717L
,20260428_miyawaki_ph_01_1,260503DGUE3RQ7,2026/5/4,2026/5/3,2026/6/3,Ichiban Kuji Yu Yu Hakusho Dark Tournament vol.3 Kazuma Kuwabara MASTERLIZE Prize B Figure,"¥9,900 ","₱6,433.00","¥16,533",-₱670.00,$0.00,-₱126.00,-₱400.00,-₱144.00,"₱5,207.00",2.57,2.59,"¥13,486",,-¥30,¥900,"¥4,456",26.96%,5,1404-6157-1025,PH268264659421G
,20260428_machida_ph_04,260502CKFCCNPG,2026/5/4,2026/5/3,#N/A,[Direct From Japan] Tamiya 1/10 Electric RC Car Series No. 727 Mitsubishi Pajero (CW-01 Chassis) 58727,"¥13,380 ","₱7,987.00","¥20,527",#N/A,$0.00,#N/A,#N/A,#N/A,#N/A,2.57,#N/A,#N/A,"₱1,406.00",#N/A,"¥1,216",#N/A,#N/A,5,2790-9919-5550,PH265945563610P
,20260306_machida_ph_04_3,260503E0P3JU7T,,2026/5/3,#N/A,Tamiya RC Special Product 1/10 Electric RC Car Super Astute 2018 Off-Road 47381,仕入れ無,"₱13,167.00","¥33,839",#N/A,$0.00,#N/A,#N/A,#N/A,#N/A,2.57,#N/A,#N/A,,#N/A,#VALUE!,#N/A,#N/A,46145,,
,20260417_miyawaki_ph_04_6,260503ESH9GV55,,2026/5/3,#N/A,Ichiban Kuji Frieren: Beyond Journey's End Last One Prize: Frieren Art Scale Figure,仕入れ無,"₱8,569.00","¥22,022",#N/A,$0.00,#N/A,#N/A,#N/A,#N/A,2.57,#N/A,#N/A,,#N/A,#VALUE!,#N/A,#N/A,46145,,
,20260407_machida_ph_07_2,260503F4RCAYKB,2026/5/4,2026/5/4,#N/A,S.H.Figuarts ONE PIECE Monkey D. Luffy -Dawn of Adventure- Approximately 145mm ABS&PVC painted movable figure [Direct From Japan],"¥3,570 ","₱2,258.00","¥5,803",#N/A,$0.00,#N/A,#N/A,#N/A,#N/A,2.57,#N/A,#N/A,,#N/A,¥325,#N/A,#N/A,27,,PH260505552303M
,20260407_mizushima_ph_02,260504HDKGN7ST,2026/5/5,2026/5/4,#N/A,BANDAI SPIRITS MG 1/100 Gundam Base Limited Sengoku Astray Gundam [Metallic] Assembly Plastic Model Kit,"¥6,890 ","₱5,194.00","¥13,349",#N/A,$0.00,#N/A,#N/A,#N/A,#N/A,2.57,#N/A,#N/A,₱656.00,#N/A,¥626,#N/A,#N/A,27,2790-9952-5471,PH263615983929K
,20260123_machida_ph_04_4,260504HMYTD3UT,2026/4/24,2026/5/5,#N/A,Tamiya 1/10 Electric RC Car Series No.242 Wild Willy 2 Off-Road 58242,"¥11,000 ","₱7,234.00","¥18,591",#N/A,$0.00,#N/A,#N/A,#N/A,#N/A,2.57,#N/A,#N/A,"₱1,781.00",#N/A,"¥1,000",#N/A,#N/A,102,2790-9919-5896,PH2629993963564
,20260429_machida_ph_05,260505HSCPCX1M,,2026/5/5,#N/A,"[Direct From Japan] Holy Stone Drone with Camera – Outdoor, Compact, Child-Friendly, Foldable, 1080p Camera, 3 Batteries, 36-Minute Flight Time, Storage Case Included, Optical Flow Mode, Trajectory Flight, Gesture Control, 2.4GHz, Mode 1/2 Switchable, Bir",仕入れ無,"₱5,792.00","¥14,885",#N/A,$0.00,#N/A,#N/A,#N/A,#N/A,2.57,#N/A,#N/A,,#N/A,#VALUE!,#N/A,#N/A,46147,,
,20260430_ishida_ph_01,260505JM6F1VYQ,2026/5/5,2026/5/5,#N/A,[BANDAI]GODZIBURST Rodan (1993) & Mazer Unit,¥691 ,₱502.00,"¥1,290",#N/A,$0.00,#N/A,#N/A,#N/A,#N/A,2.57,#N/A,#N/A,₱56.00,#N/A,¥63,#N/A,#N/A,5,2790-9936-9441,PH264213638146D
,20260302_ishida_ph_02_3,260505JU5SVPSE,2026/5/5,2026/5/5,#N/A,S.H.Figuarts Funeral of Freiren Freiren (Resale Version) Approximately 140mm PVC & ABS Painted Movable Figure TAMASHII NATIONS,"¥7,100 ","₱4,336.00","¥11,144",#N/A,$0.00,#N/A,#N/A,#N/A,#N/A,2.57,#N/A,#N/A,₱156.00,#N/A,¥645,#N/A,#N/A,64,2790-9968-1921,PH267612847568A
,20260318_machida_ph_01_6,260505K6E2VHWN,2026/5/6,2026/5/5,#N/A,Tamiya 1/10 Electric RC Car Series No.571 Porsche 911 Carrera RSR (TT-02 Chassis) On-Road 58571 [New] [Authentic] [Shipped from Japan],"¥8,143 ","₱6,528.00","¥16,777",#N/A,$0.00,#N/A,#N/A,#N/A,#N/A,2.57,#N/A,#N/A,"₱1,281.00",#N/A,¥740,#N/A,#N/A,48,2790-9968-1475,PH267592807877F
,20260423_machida_ph_03,260505M4AQU0PQ,2026/5/6,2026/5/5,#N/A,[Direct From Japan] Kyosho Egg Mario Kart Racing Kart R/C Bowser TV035,"¥4,652 ","₱3,145.00","¥8,083",#N/A,$0.00,#N/A,#N/A,#N/A,#N/A,2.57,#N/A,#N/A,₱631.00,#N/A,¥423,#N/A,#N/A,12,2790-9968-2175,PH264794248036A
,20260219_machida_sg_06_2,260505M4UY0J7C,2026/5/6,2026/5/5,#N/A,Seiko Watch ALBA Ghibli Collaboration Model Kiki's Delivery Service,"¥6,930 ",SDG87.24,#VALUE!,#N/A,$0.00,#N/A,#N/A,#N/A,#N/A,2.57,#N/A,#N/A,,#N/A,¥630,#N/A,#N/A,75,2790-9952-5272,Doorstep Delivery (Overseas)
,20260422_ishida_ph_01_2,260506NCT1CWFT,,2026/5/6,#N/A,[BANDAI]GODZIBURST Godzilla(1954),仕入れ無,₱502.00,"¥1,290",#N/A,$0.00,#N/A,#N/A,#N/A,#N/A,2.57,#N/A,#N/A,,#N/A,#VALUE!,#N/A,#N/A,46148,,
,20260316_machida_ph_02,260506NGWQMQU0,2026/5/6,2026/5/6,2026/6/3,Bandai MG 1/100 Gundam Epyon EW Sturm und Drang Unit Model Kit Gundam W Endless Waltz Gunpla Japan,"¥11,000 ","₱6,302.00","¥16,196",-₱665.00,$0.00,-₱124.00,-₱400.00,-₱141.00,"₱4,856.00",2.57,2.59,"¥12,577",₱781.00,-¥29,"¥1,000","¥1,767",10.91%,51,2790-9952-6075,PH262171349597S
,20260428_machida_ph_04_2,260506NNBBF8W2,2026/5/6,2026/5/6,#N/A,[Direct From Japan] Tamiya 1/10 Electric RC Car Series No. 727 Mitsubishi Pajero (CW-01 Chassis) 58727,"¥13,380 ","₱7,987.00","¥20,527",#N/A,$0.00,#N/A,#N/A,#N/A,#N/A,2.57,#N/A,#N/A,"₱1,406.00",#N/A,"¥1,216",#N/A,#N/A,8,2790-9968-2352,PH265343542042P
,20260123_machida_ph_04_5,260506P0NT3C1P,2026/5/7,2026/5/6,#N/A,Tamiya 1/10 Electric RC Car Series No.242 Wild Willy 2 Off-Road 58242,"¥11,000 ","₱7,234.00","¥18,591",#N/A,$0.00,#N/A,#N/A,#N/A,#N/A,2.57,#N/A,#N/A,"₱1,756.00",#N/A,"¥1,000",#N/A,#N/A,103,2790-9968-1033,PH269958762386Q
,20260407_mizushima_ph_03,260506P3GF6TSG,2026/5/7,2026/5/6,#N/A,BANDAI SPIRITS MG 1/100 Gouf Ver.2.0 [Clear Color] Gundam Base Event Limited Mobile Suit Gundam Pre-colored Plastic Model Kit,"¥6,936 ","₱4,069.00","¥10,457",#N/A,$0.00,#N/A,#N/A,#N/A,#N/A,2.57,#N/A,#N/A,₱481.00,#N/A,¥631,#N/A,#N/A,29,2790-9968-1534,PH261762681168J
,20260408_machida_ph_08,260506P5NNJPPX,,2026/5/6,#N/A,TAMASHII NATIONS S.H.Figuarts Star Wars Episode III: Revenge of the Sith Yoda -Classic Ver.- (STAR ​​WARS: Revenge of the Sith),仕入れ無,"₱4,968.00","¥12,768",#N/A,$0.00,#N/A,#N/A,#N/A,#N/A,2.57,#N/A,#N/A,,#N/A,#VALUE!,#N/A,#N/A,46148,,
,20260413_machida_ph_01_2,260506P9DM4K84,2026/5/7,2026/5/6,#N/A,[Direct From Japan] Tamiya 1/10 Electric RC Car Series No. 546 1/12 Lunchbox Black Edition 58546,"¥11,000 ","₱6,794.00","¥17,461",#N/A,$0.00,#N/A,#N/A,#N/A,#N/A,2.57,#N/A,#N/A,"₱1,556.00",#N/A,"¥1,000",#N/A,#N/A,23,2790-9968-0941,PH2662330274329
,20260303_ishida_ph_01,260506PM13EU37,2026/5/7,2026/5/6,#N/A,GOOD SMILE COMPANY Nendoroid Goddess of Victory NIKKE Modernia Non-Scale Plastic Painted Movable Figure,"¥5,556 ","₱2,955.00","¥7,594",#N/A,$0.00,#N/A,#N/A,#N/A,#N/A,2.57,#N/A,#N/A,₱206.00,#N/A,¥505,#N/A,#N/A,64,2790-9968-1781,PH268751607805B
,20260410_miyawaki_ph_01_9,260506PNMKBSGD,2026/4/27,2026/5/6,2026/6/3,Ichiban Kuji Yu Yu Hakusho Dark Tournament Vol. 3 Last One Prize: Youko Kurama MASTERLIZE Figure,"¥7,450 ","₱4,988.00","¥12,819",-₱610.00,$0.00,-₱98.00,-₱400.00,-₱112.00,"₱3,822.00",2.57,2.59,"¥9,899",₱556.00,-¥23,¥677,"¥2,547",19.87%,26,1404-6157-2930,
,20260428_machida_ph_04_3,260507QRRH99D0,2026/5/7,2026/5/7,#N/A,[Direct From Japan] Tamiya 1/10 Electric RC Car Series No. 727 Mitsubishi Pajero (CW-01 Chassis) 58727,"¥13,600 ","₱7,987.00","¥20,606",#N/A,$0.00,#N/A,#N/A,#N/A,#N/A,2.58,#N/A,#N/A,"₱1,406.00",#N/A,"¥1,236",#N/A,#N/A,9,2791-0023-6925,
,20260422_mizushima_ph_01,260507R9W3K5RG,2026/5/8,2026/5/7,#N/A,[Casio] G-SHOCK GD-010BEG-1JF Watch [Authentic Japanese Product] Made with eco-friendly materials Men's Black,"¥11,880 ","₱6,318.00","¥16,300",#N/A,$0.00,#N/A,#N/A,#N/A,#N/A,2.58,#N/A,#N/A,,#N/A,"¥1,080",#N/A,#N/A,15,2791-0023-6951,
,20260220_machida_ph_06,260507RR6T4XSG,2026/5/8,2026/5/7,#N/A,Shimano (SHIMANO) Baitcasting Reel Dual Axis 20 Thoreum 2000HG,"¥20,745 ","₱10,325.00","¥26,639",#N/A,$0.00,#N/A,#N/A,#N/A,#N/A,2.58,#N/A,#N/A,,#N/A,"¥1,886",#N/A,#N/A,46149,,
,20260415_miyawaki_ph_03_8,260507RXJHCYU4,2026/5/8,2026/5/7,2026/6/3,Ichiban Kuji Frieren: Beyond Journey's End Frieren Prize A Figure,"¥6,400 ","₱4,732.00","¥12,209",#N/A,$0.00,-₱93.00,-₱389.00,-₱106.00,"₱3,213.00",2.58,2.59,"¥8,322",₱931.00,-¥22,¥582,"¥1,551",12.70%,22,1404-6157-2941,
,20260115_machida_sg_02,260508SHQMCRHA,,2026/5/8,#N/A,Kyocera Diamond Electric Roll Knife Sharpener,仕入れ無,SDG60.63,#VALUE!,#N/A,$0.00,#N/A,#N/A,#N/A,#N/A,2.6,#N/A,#N/A,,#N/A,#VALUE!,#N/A,#N/A,46150,,
, 20260305_ishida_ph_05,260508UBJR0VQ7,,2026/5/8,#N/A,Nendoroid Character Vocal Series 02 Kagamine Rin & Len Kagamine Len 2.0 Non-scale Plastic Painted Action Figure,,"₱3,258.00","¥8,471",#N/A,$0.00,#N/A,#N/A,#N/A,#N/A,2.6,#N/A,#N/A,,#N/A,¥0,#N/A,#N/A,46150,,
,20260428_miyawaki_ph_01_3,260508UGBEKYC7,2026/5/12,2026/5/8,2026/6/3,Ichiban Kuji Yu Yu Hakusho Dark Tournament vol.3 Kazuma Kuwabara MASTERLIZE Prize B Figure,"¥9,900 ","₱6,433.00","¥16,726",#N/A,$0.00,-₱609.00,-₱400.00,-₱144.00,"₱4,674.00",2.6,2.59,"¥12,106",₱606.00,-¥143,¥900,"¥2,356",14.09%,10,1404-6157-2812,
,20260430_machida_ph_14,260508UKP105TH,,2026/5/8,#N/A, [Direct From Japan] Barbie Birthday Wishes Latina Signature Dress-up Doll & House – Pretend Play – Barbie Doll – Ages 6+ – Pink – JJX78,,"₱2,773.00","¥7,210",#N/A,$0.00,#N/A,#N/A,#N/A,#N/A,2.6,#N/A,#N/A,,#N/A,¥0,#N/A,#N/A,46150,,
,20260115_machida_sg_02,2605090PWAC64N,2026/5/12,2026/5/9,#N/A,Kyocera Diamond Electric Roll Knife Sharpener,"¥4,514 ",SGD60.63,#VALUE!,#N/A,$0.00,#N/A,#N/A,#N/A,#N/A,2.6,#N/A,#N/A,,#N/A,¥410,#N/A,#N/A,114,2791-0044-3506,SG2675727903234
,20260428_mizushima_ph_06,260508USBRFM9P,2026/5/11,2026/5/9,2026/6/3,Fujimi Models 1/12 NEXT Series No. 1101 Honda Super Cub 50 Type Hello Kitty 12NX-1101,"¥2,973 ","₱2,114.00","¥5,496",#N/A,$0.00,-₱200.00,-₱235.00,-₱47.00,"₱1,351.00",2.6,2.59,"¥3,499",₱281.00,-¥47,¥270,¥468,8.52%,11,2791-0033-4273,PH2634176992143
,20260422_ishida_ph_02_2,260509W2MR1XC5,2026/5/11,2026/5/9,2026/6/3,[BANDAI]GODZIBURST Godzilla(2004),¥691 ,₱492.00,"¥1,279",#N/A,$0.00,-₱47.00,-₱60.00,-₱11.00,₱268.00,2.6,2.59,¥694,₱106.00,-¥11,¥63,-¥51,-4.00%,17,2791-0033-4844,PH262333713855K
,20260430_machida_ph_14,260509092U5V0C,,2026/5/9,#N/A,[Direct From Japan] Barbie Birthday Wishes Latina Signature Dress-up Doll & House – Pretend Play – Barbie Doll – Ages 6+ – Pink – JJX78,,"₱2,773.00","¥7,210",#N/A,$0.00,#N/A,#N/A,#N/A,#N/A,2.6,#N/A,#N/A,,#N/A,¥0,#N/A,#N/A,46151,,
,20260430_machida_ph_01,260509092U5V0C,,2026/5/9,#N/A,[Direct From Japan] Barbie Basic You Create Kit 1 YOU CREATE BARBIE BASICS™ Neutral Kit 001 Signature BLACK Dress-up dolls & houses Pretend play Barbie dolls Ages 6+ JJX35,,"₱5,567.00","¥14,474",#N/A,$0.00,#N/A,#N/A,#N/A,#N/A,2.6,#N/A,#N/A,,#N/A,¥0,#N/A,#N/A,46151,,
,20260410_miyawaki_ph_01_9,2605090BG4XFQ8,2026/5/12,2026/5/9,#N/A,Ichiban Kuji Yu Yu Hakusho Dark Tournament Vol. 3 Last One Prize: Youko Kurama MASTERLIZE Figure,"¥7,000 ","₱4,988.00","¥12,969",#N/A,$0.00,#N/A,#N/A,#N/A,#N/A,2.6,#N/A,#N/A,,#N/A,¥636,#N/A,#N/A,29,1404-6157-2801,
,20260430_machida_ph_04,2605090NC5QWY8,2026/5/11,2026/5/9,#N/A,[Direct From Japan] Barbie Basic You Create Kit 3 YOU CREATE BARBIE BASICS™ Neutral Kit 003 Signature BLACK Dress-up dolls & houses Pretend play Barbie dolls Ages 6+ JJX37,"¥9,900 ","₱4,317.00","¥11,224",#N/A,$0.00,#N/A,#N/A,#N/A,#N/A,2.6,#N/A,#N/A,₱631.00,#N/A,¥900,#N/A,#N/A,9,2791-0033-4343,PH264784954099O
, 20260430_machida_ph_03,2605090SBTAX9E,2026/5/11,2026/5/9,#N/A,[Direct From Japan] Barbie Basic You Create Kit 2 YOU CREATE BARBIE BASICS™ Neutral Kit 002 Signature BLACK Dress-up dolls & houses Pretend play Barbie dolls Ages 6+ JJX36,"¥9,900 ","₱4,312.00","¥11,211",#N/A,$0.00,#N/A,#N/A,#N/A,#N/A,2.6,#N/A,#N/A,₱681.00,#N/A,¥900,#N/A,#N/A,9,2791-0033-4424,PH265040778096L
,20260430_miyawaki_ph_01,2605102F69UR6Q,,2026/5/10,#N/A,Ichiban Kuji JoJo's Bizarre Adventure The Gathering of STARS Last One Prize Johnny Joestar & Gyro Zeppeli MASTERLISE PLUS Figure,,"₱8,969.00","¥23,319",#N/A,$0.00,#N/A,#N/A,#N/A,#N/A,2.6,#N/A,#N/A,,#N/A,¥0,#N/A,#N/A,46152,,
,20260507_ishida_ph_01,2605102TGSBT60,2026/5/11,2026/5/10,#N/A,[HASBRO] Star Wars The Child Animatronic Edition Motorized Mandalorian Toy with Over 25 Combinations of Sounds and Movements | F1119,"¥11,800 ","₱4,451.00","¥11,573",#N/A,$0.00,#N/A,#N/A,#N/A,#N/A,2.6,#N/A,#N/A,₱431.00,#N/A,"¥1,073",#N/A,#N/A,3,2791-0033-4645,PH2631550160919
,20260423_machida_ph_05,26051038E45EW8,2026/5/11,2026/5/10,2026/6/3,[Direct From Japan] Tamiya 1/10 Electric RC Car Series No. 391 Hot Shot 2007 Off-Road 58391,"¥30,660 ","₱10,626.00","¥27,628",#N/A,$0.00,"-₱1,005.00",-₱400.00,-₱238.00,"₱7,377.00",2.6,2.59,"¥19,106","₱1,606.00",-¥237,"¥2,787","-¥10,609",-38.40%,17,2791-0053-2863,PH263025190316L
,20260413_ishida_ph_01_2,2605103BVUYW9W,2026/5/12,2026/5/10,2026/6/3,[Good Smile Company] Nendoroid Teto Kasane 2.0+Special Base Included,"¥10,900 ","₱4,545.00","¥11,817",#N/A,$0.00,-₱430.00,-₱382.00,-₱102.00,"₱3,450.00",2.6,2.59,"¥8,936",₱181.00,-¥101,¥991,"-¥1,256",-10.63%,27,1404-6157-2860,PH2691693236429
,20260415_miyawaki_ph_03_9,2605114J27G9EE,2026/5/12,2026/5/11,2026/6/3,Ichiban Kuji Frieren: Beyond Journey's End Frieren Prize A Figure,"¥4,876 ","₱4,732.00","¥12,303",#N/A,$0.00,-₱448.00,-₱389.00,-₱106.00,"₱2,883.00",2.6,2.59,"¥7,467",₱906.00,-¥105,¥443,"¥2,023",16.44%,26,1404-6157-2764,
,20260424_mizushima_ph_05,2605114U3A52Q1,2026/5/11,2026/5/11,#N/A,"SALONIA Cordless Straightener 12mm Hair Straightener with Built-in Power Bank, Lightweight, Ideal for Bangs, Model SAL25119PK, Pink","￥6,578","₱3,272.00","¥8,507",#N/A,$0.00,#N/A,#N/A,#N/A,#N/A,2.6,#N/A,#N/A,₱231.00,#N/A,#VALUE!,#N/A,#N/A,17,2791-0033-4601,PH2628702710780
,20260316_machida_ph_03_2,26051152J04B87,2026/5/11,2026/5/11,#N/A,Bandai (Bandai) RG 1/144 GUNDAM SIDE-F Limited RX-93FF ν Gundam Mobile Suit Gundam Counterattack Char,"¥7,255 ","₱4,394.00","¥11,424",#N/A,$0.00,#N/A,#N/A,#N/A,#N/A,2.6,#N/A,#N/A,₱706.00,#N/A,¥660,#N/A,#N/A,56,2791-0033-4796,PH262259027808V
,20260407_mizushima_ph_06,26051154RXR9EX,2026/5/11,2026/5/11,#N/A,BANDAI SPIRITS MG 1/100 Gundam Epyon EW [CROSS CONTRAST COLORS / CLEAR WHITE] Gundam Base Event Limited Edition Pre-colored Plastic Model Kit,"¥11,600 ","₱6,736.00","¥17,514",#N/A,$0.00,#N/A,#N/A,#N/A,#N/A,2.6,#N/A,#N/A,₱756.00,#N/A,"¥1,055",#N/A,#N/A,34,2791-0044-4114,PH261837225845B
,20260420_ishida_ph_06_2,26051272273SJK,,2026/5/12,#N/A,Nendoroid Blue Archive Ajitani Hifumi Non-scale Plastic Painted Movable Figure,,"₱2,794.00","¥7,209",#N/A,$0.00,#N/A,#N/A,#N/A,#N/A,2.58,#N/A,#N/A,,#N/A,¥0,#N/A,#N/A,46154,,
,20260319_machida_ph_03,2605127KAKGER3,2026/5/12,2026/5/12,#N/A,Tamiya 1/10 Electric RC Car Series No.719 BBX BB-01 Chassis 58719,"¥29,733 ","₱15,933.00","¥41,107",#N/A,$0.00,#N/A,#N/A,#N/A,#N/A,2.58,#N/A,#N/A,"₱1,431.00",#N/A,"¥2,703",#N/A,#N/A,54,2791-0055-7864,PH2610236899132
,20260420_mizushima_ph_07_2,2605128E1R82M3,,2026/5/12,#N/A,[Gundam Base/Event Exclusive] MG 1/100 Sazabi Ver.Ka Mechanical Clear Model Kit from Mobile Suit Gundam: Char's Counterattack (Bandai Spirits),,"₱7,689.00","¥19,838",#N/A,$0.00,#N/A,#N/A,#N/A,#N/A,2.58,#N/A,#N/A,,#N/A,¥0,#N/A,#N/A,46154,,
,20260410_miyawaki_ph_01_10,2605128MGA5P96,2026/5/13,2026/5/12,#N/A,Ichiban Kuji Yu Yu Hakusho Dark Tournament Vol. 3 Last One Prize: Youko Kurama MASTERLIZE Figure,"¥6,900 ","₱4,988.00","¥12,869",#N/A,$0.00,#N/A,#N/A,#N/A,#N/A,2.58,#N/A,#N/A,,#N/A,¥627,#N/A,#N/A,32,1404-6157-2510,
,20260428_miyawaki_ph_01_4,2605128MGA5P96,2026/5/13,2026/5/12,#N/A,Ichiban Kuji Yu Yu Hakusho Dark Tournament vol.3 Kazuma Kuwabara MASTERLIZE Prize B Figure,"¥9,888 ","₱6,433.00","¥16,597",#N/A,$0.00,#N/A,#N/A,#N/A,#N/A,2.58,#N/A,#N/A,,#N/A,¥899,#N/A,#N/A,14,1404-6157-2510,
,20260415_miyawaki_ph_03_10,2605139523N01V,2026/5/13,2026/5/13,#N/A,Ichiban Kuji Frieren: Beyond Journey's End Frieren Prize A Figure,"¥6,000 ","₱4,732.00","¥12,161",#N/A,$0.00,#N/A,#N/A,#N/A,#N/A,2.57,#N/A,#N/A,,#N/A,¥545,#N/A,#N/A,28,1404-6157-2694,
,20260421_miyawaki_ph_01,2605139XY12D3D,2026/5/13,2026/5/13,#N/A,"MIC DiGiSM One and Only ""SLAM DUNK"" SHOHOKU STARTING MEMBER SET","¥23,484 ","₱14,233.00","¥36,579",#N/A,$0.00,#N/A,#N/A,#N/A,#N/A,2.57,#N/A,#N/A,,#N/A,"¥2,135",#N/A,#N/A,22,1404-6157-2705,
,20260407_miyawaki_ph_03,260513AEYJD6QP,2026/5/14,2026/5/13,2026/6/3,Good Smile Arts Shanghai POP UP PARADE K-ON! Nakano Azusa L size Figure,"¥5,900 ","₱3,539.00","¥9,095",#N/A,$0.00,₱0.00,₱0.00,₱0.00,-₱306.00,2.57,2.59,-¥793,,¥0,¥536,"-¥6,156",-67.69%,36,2791-0066-8556,PH266526783035P
,20260410_miyawaki_ph_01_11,260513AMKPE2NM,2026/5/14,2026/5/13,2026/6/3,Ichiban Kuji Yu Yu Hakusho Dark Tournament Vol. 3 Last One Prize: Youko Kurama MASTERLIZE Figure,"¥6,999 ","₱4,988.00","¥12,819",#N/A,$0.00,₱0.00,₱0.00,₱0.00,-₱606.00,2.57,2.59,"-¥1,570",,¥0,¥636,"-¥7,932",-61.88%,33,1404-6157-2834,
,20260430_machida_ph_03_2,260513ARTKPRFS,2026/5/14,2026/5/13,2026/6/3,[Direct From Japan] Barbie Basic You Create Kit 2 YOU CREATE BARBIE BASICS™ Neutral Kit 002 Signature BLACK Dress-up dolls & houses Pretend play Barbie dolls Ages 6+ JJX36,"¥9,900 ","₱4,312.00","¥11,082",#N/A,$0.00,-₱408.00,-₱272.00,-₱97.00,"₱2,804.00",2.57,2.59,"¥7,262",₱731.00,-¥96,¥900,"-¥2,565",-23.14%,13,2791-0066-8884,PH261233839539U
,20260430_machida_ph_04_2,260513AU0F3UR9,2026/5/14,2026/5/13,#N/A,[Direct From Japan] Barbie Basic You Create Kit 3 YOU CREATE BARBIE BASICS™ Neutral Kit 003 Signature BLACK Dress-up dolls & houses Pretend play Barbie dolls Ages 6+ JJX37,"¥9,900 ","₱4,317.00","¥11,095",#N/A,$0.00,#N/A,#N/A,#N/A,#N/A,2.57,#N/A,#N/A,₱731.00,#N/A,¥900,#N/A,#N/A,13,2791-0066-8696,PH2697059124602
,20260420_mizushima_ph_07_2,260513B0F8BSU0,,2026/5/13,#N/A,[Gundam Base/Event Exclusive] MG 1/100 Sazabi Ver.Ka Mechanical Clear Model Kit from Mobile Suit Gundam: Char's Counterattack (Bandai Spirits),仕入れ無,"₱7,689.00","¥19,761",#N/A,$0.00,#N/A,#N/A,#N/A,#N/A,2.57,#N/A,#N/A,,#N/A,#VALUE!,#N/A,#N/A,46155,,
,20260417_miyawaki_ph_04_6,260514BJ75K36D,2026/5/14,2026/5/14,#N/A,Ichiban Kuji Frieren: Beyond Journey's End Last One Prize: Frieren Art Scale Figure,"¥11,100 ","₱8,569.00","¥22,022",#N/A,$0.00,#N/A,#N/A,#N/A,#N/A,2.57,#N/A,#N/A,,#N/A,"¥1,009",#N/A,#N/A,27,1404-6157-2425,
,20260415_miyawaki_ph_03_11,260514BJ75K36D,2026/5/14,2026/5/14,#N/A,Ichiban Kuji Frieren: Beyond Journey's End Frieren Prize A Figure,"¥6,150 ","₱4,732.00","¥12,161",#N/A,$0.00,#N/A,#N/A,#N/A,#N/A,2.57,#N/A,#N/A,,#N/A,¥559,#N/A,#N/A,29,,
,20260428_miyawaki_ph_01_5,260514BKBUKB4T,,2026/5/14,#N/A,Ichiban Kuji Yu Yu Hakusho Dark Tournament vol.3 Kazuma Kuwabara MASTERLIZE Prize B Figure,仕入れ無,"₱6,433.00","¥16,533",#N/A,$0.00,#N/A,#N/A,#N/A,#N/A,2.57,#N/A,#N/A,,#N/A,#VALUE!,#N/A,#N/A,46156,,
,20260429_miyawaki_ph_01,260514BKE077UE,2026/5/14,2026/5/14,#N/A,Ichiban Kuji Yu Yu Hakusho Dark Tournament vol.3 Prize D: Koenma MASTERLISE Figure,"¥4,799 ","₱3,917.00","¥10,067",#N/A,$0.00,#N/A,#N/A,#N/A,#N/A,2.57,#N/A,#N/A,"₱1,181.00",#N/A,¥436,#N/A,#N/A,15,1404-6157-2683,
,20260428_miyawaki_ph_01_5,260514BKE077UE,2026/5/14,2026/5/14,#N/A,Ichiban Kuji Yu Yu Hakusho Dark Tournament vol.3 Kazuma Kuwabara MASTERLIZE Prize B Figure,"¥9,999 ","₱6,433.00","¥16,533",#N/A,$0.00,#N/A,#N/A,#N/A,#N/A,2.57,#N/A,#N/A,↑同梱,#N/A,¥909,#N/A,#N/A,16,,
,20260429_miyawaki_ph_02,260514BKE077UE,2026/5/14,2026/5/14,#N/A,Ichiban Kuji Yu Yu Hakusho Dark Tournament vol.3 Prize E Genkai MASTERLISE EMOVING Figure,"¥4,799 ","₱3,759.00","¥9,661",#N/A,$0.00,#N/A,#N/A,#N/A,#N/A,2.57,#N/A,#N/A,↑同梱,#N/A,¥436,#N/A,#N/A,15,,
,20260420_mizushima_ph_09_2,260514C596ASVK,2026/5/14,2026/5/14,2026/6/3,[Gundam Base / Event Exclusive] MG 1/100 Wing Gundam Zero EW [CROSS CONTRAST COLORS / CLEAR PURPLE] Plastic Model Kit (Bandai Spirits),"¥10,300 ","₱6,209.00","¥15,957",#N/A,$0.00,-₱587.00,-₱300.00,-₱139.00,"₱4,502.00",2.57,2.59,"¥11,660",₱681.00,-¥138,¥936,"¥1,477",9.26%,24,2791-0066-8486,PH260789286147M
,20260415_miyawaki_ph_02,260514CGAQTJNF,2026/5/14,2026/5/14,#N/A,Final Fantasy VII Remake Adorable Arts <Aerith Gainsborough> Figure,"¥7,366 ","₱4,104.00","¥10,547",#N/A,$0.00,#N/A,#N/A,#N/A,#N/A,2.57,#N/A,#N/A,₱206.00,#N/A,¥670,#N/A,#N/A,29,2791-0066-8431,PH269201746827V
,20260413_machida_ph_04,260514D50BDFUY,2026/5/15,2026/5/14,2026/6/3,[Direct From Japan] Tamiya 1/10 Electric RC Car Series No. 415 RCC Toyota Tundra High Lift Off-Road 58415,"¥37,000 ","₱19,949.00","¥51,269",#N/A,$0.00,₱0.00,₱0.00,₱0.00,"-₱2,851.00",2.57,2.59,"-¥7,384",,¥0,"¥3,364","-¥41,020",-80.01%,31,1404-6157-2952,PH260233960963M
,20260318_machida_ph_04,260514D587435E,2026/5/15,2026/5/14,2026/6/3,Tamiya 1/10 Electric RC Car Series No.583 Egress (2013) Off-road 58583 [New] [Authentic] [Shipped from Japan],"¥46,340 ","₱24,199.00","¥62,191",#N/A,$0.00,₱0.00,₱0.00,₱0.00,"-₱1,826.00",2.57,2.59,"-¥4,729",,¥0,"¥4,213","-¥46,857",-75.34%,57,1404-6157-3011,PH268720978331V
,20260320_machida_ph_08,260514D9F3G67H,2026/5/15,2026/5/14,2026/6/3,Authentic Tamiya 1/10 Electric RC Car Series No.741 Fighter Nexgen (DT-04 Chassis) Electric Radio Control 58741,"¥15,480 ","₱9,071.00","¥23,312",#N/A,$0.00,-₱858.00,-₱300.00,-₱203.00,"₱6,354.00",2.57,2.59,"¥16,457","₱1,356.00",-¥202,"¥1,407",¥826,3.54%,55,1404-6157-2985,PH2648334654080
,20260423_ishida_ph_05_2,260514DFRXQKH2,,2026/5/14,#N/A,[BANDAI]GODZIBURST Mechagodzilla (1993),仕入れ無,₱513.00,"¥1,318",#N/A,$0.00,#N/A,#N/A,#N/A,#N/A,2.57,#N/A,#N/A,,#N/A,#VALUE!,#N/A,#N/A,46156,,
,20260413_miyawaki_ph_01,260514DR4MJV4J,,2026/5/14,#N/A,Yu Yu Hakusho Figure: Youko Kurama (Dark Tournament),仕入れ無,"₱1,436.00","¥3,691",#N/A,$0.00,#N/A,#N/A,#N/A,#N/A,2.57,#N/A,#N/A,,#N/A,#VALUE!,#N/A,#N/A,46156,,
,20260415_miyawaki_ph_03_12,260515DVDSF1UD,,2026/5/15,#N/A,Ichiban Kuji Frieren: Beyond Journey's End Frieren Prize A Figure,,"₱4,732.00","¥12,161",#N/A,$0.00,#N/A,#N/A,#N/A,#N/A,2.57,#N/A,#N/A,,#N/A,¥0,#N/A,#N/A,30,1404-6157-2366,
,20260410_miyawaki_ph_01_12,260515E2N6GBGS,,2026/5/15,#N/A,Ichiban Kuji Yu Yu Hakusho Dark Tournament Vol. 3 Last One Prize: Youko Kurama MASTERLIZE Figure,,"₱4,988.00","¥12,819",#N/A,$0.00,#N/A,#N/A,#N/A,#N/A,2.57,#N/A,#N/A,,#N/A,¥0,#N/A,#N/A,35,1404-6157-2392,
,20260507_mizushima_ph_02,260515E96RQY60,,2026/5/15,#N/A,[Gundam Base Exclusive] MG 1/100 Gundam Base Exclusive RX-78-2 Gundam Ver.3.0 [Clear Color] Mobile Suit Gundam (Bandai Spirits),仕入れ無,"₱5,032.00","¥12,932",#N/A,$0.00,#N/A,#N/A,#N/A,#N/A,2.57,#N/A,#N/A,,#N/A,#VALUE!,#N/A,#N/A,46157,,
,20260324_machida_ph_04_2,260515EQQTTPE1,2026/5/15,2026/5/15,#N/A,Authentic Tamiya 1/10 Scale Electric RC Car Series No. 747 Mini Cooper Racing (MB-01 Chassis) Electric Radio Control 58747,"¥15,462 ","₱9,236.00","¥23,737",#N/A,$0.00,#N/A,#N/A,#N/A,#N/A,2.57,#N/A,#N/A,"₱1,106.00",#N/A,"¥1,406",#N/A,#N/A,52,1404-6157-3000,PH265478184042T
,20260423_ishida_ph_05_2,260515EYKATBDS,2026/5/15,2026/5/15,2026/6/3,[BANDAI]GODZIBURST Mechagodzilla (1993),¥710 ,₱513.00,"¥1,318",#N/A,$0.00,-₱49.00,-₱55.00,-₱11.00,₱292.00,2.57,2.59,¥756,₱106.00,-¥12,¥65,-¥7,-0.51%,22,1404-6157-2996,PH266778115653S
,20260417_miyawaki_ph_04_7,260515F4CRCEQ1,2026/5/18,2026/5/15,#N/A,Ichiban Kuji Frieren: Beyond Journey's End Last One Prize: Frieren Art Scale Figure,"¥11,499 ","₱8,569.00","¥22,022",#N/A,$0.00,#N/A,#N/A,#N/A,#N/A,2.57,#N/A,#N/A,,#N/A,"¥1,045",#N/A,#N/A,28,1404-6157-2451,
,20260219_machida_sg_06_3,260515G1J3FXC8,2026/5/18,2026/5/15,#N/A,Seiko Watch ALBA Ghibli Collaboration Model Kiki's Delivery Service,"¥6,930 ",SDG89.55,#VALUE!,#N/A,$0.00,#N/A,#N/A,#N/A,#N/A,2.57,#N/A,#N/A,,#N/A,¥630,#N/A,#N/A,85,1404-6157-2893,SG2632670678846
,20260115_miyawaki_ph_02,260515FA8YRCK6,2026/5/18,2026/5/15,#N/A,Final Fantasy VII (FF7) Rebirth Release Kuji Cloud Strife Prize A Figure,"¥6,500 ","₱4,014.00","¥10,316",#N/A,$0.00,#N/A,#N/A,#N/A,#N/A,2.57,#N/A,#N/A,,#N/A,¥591,#N/A,#N/A,120,1404-6157-2355,
,20260512_miyawaki_ph_02,260515FDQKT2NV,2026/5/19,2026/5/15,#N/A,Ichiban Kuji Kingdom The Future of Qin Prize A Shin MASTERLIZE Figure,"¥4,580 ","₱3,260.00","¥8,378",#N/A,$0.00,#N/A,#N/A,#N/A,#N/A,2.57,#N/A,#N/A,,#N/A,¥416,#N/A,#N/A,3,1404-6157-2344,
,20260220_machida_ph_06_2,260515G500PMU0,,2026/5/15,2026/6/3,Shimano (SHIMANO) Baitcasting Reel Dual Axis 20 Thoreum 2000HG,,"₱10,325.00","¥26,535",#N/A,$0.00,-₱977.00,-₱300.00,-₱231.00,"₱8,311.00",2.57,2.59,"¥21,525",₱506.00,-¥230,¥0,"¥20,789",78.35%,84,1404-6157-2974,PH260787455123M
,20260410_miyawaki_ph_01_13,260516GNN159P9,,2026/5/16,#N/A,Ichiban Kuji Yu Yu Hakusho Dark Tournament Vol. 3 Last One Prize: Youko Kurama MASTERLIZE Figure,仕入れ無,"₱4,988.00","¥12,819",#N/A,$0.00,#N/A,#N/A,#N/A,#N/A,2.57,#N/A,#N/A,,#N/A,#VALUE!,#N/A,#N/A,46158,,
,20260406_machida_ph_06,260516GTFA98YM,2026/5/19,2026/5/16,2026/6/3,Tamiya Male 1/10 Electric RC Car Series No. 645 SUBARU WRX STI NBR Challenge (TT-02 Chassis) On-Road 58645,"¥9,373 ","₱7,228.00","¥18,576",#N/A,$0.00,-₱684.00,-₱300.00,-₱162.00,"₱4,826.00",2.57,2.59,"¥12,499","₱1,256.00",-¥161,¥852,"¥2,561",13.79%,40,1404-6157-2716,
,20260512_mizushima_ph_04,260516H8J5HYNP,2026/5/18,2026/5/16,2026/6/3,[Gundam Base Exclusive] MG 1/100 Gundam Epyon EW [Special Coating] Pink [Bandai Spirits],"¥11,000 ","₱5,874.00","¥15,096",#N/A,$0.00,-₱556.00,-₱300.00,-₱132.00,"₱4,280.00",2.57,2.59,"¥11,085",₱606.00,-¥131,"¥1,000",¥348,2.31%,4,1404-6157-2904,PH267351113700S
,20260515_miyawaki_ph_01,260516HB1SPHF5,2026/5/19,2026/5/16,#N/A,Ichiban Kuji WIND BREAKER Original 5th Anniversary Last One Prize: Sakura Umemiya Figure,"¥5,800 ","₱3,856.00","¥9,910",#N/A,$0.00,#N/A,#N/A,#N/A,#N/A,2.57,#N/A,#N/A,,#N/A,¥527,#N/A,#N/A,1,1404-6157-2333,
,20260417_miyawaki_ph_04_8,260516HKBXY16U,2026/5/18,2026/5/16,#N/A,Ichiban Kuji Frieren: Beyond Journey's End Last One Prize: Frieren Art Scale Figure,"¥11,499 ","₱8,569.00","¥22,022",#N/A,$0.00,#N/A,#N/A,#N/A,#N/A,2.57,#N/A,#N/A,,#N/A,"¥1,045",#N/A,#N/A,29,1404-6157-2322,
,20260504_ishida_ph_02,260516HMD79GVC,2026/5/18,2026/5/16,2026/6/3,[Bandai] JAPAN GODZILLA(2023) Mount Fuji,¥878 ,₱624.00,"¥1,604",#N/A,$0.00,-₱59.00,-₱66.00,-₱14.00,₱379.00,2.57,2.59,¥982,₱106.00,-¥14,¥80,¥64,3.96%,12,1404-6157-2926,PH261940406517T
,20260408_ishida_ph_04,260516J4XT3AQP,2026/5/18,2026/5/16,2026/6/3,Good Smile Arts Shanghai Nura: Rise of the Yokai Clan Rikuo Nura [Night] Nendoroid Figure,"¥7,576 ","₱2,869.00","¥7,373",#N/A,$0.00,-₱271.00,-₱243.00,-₱64.00,"₱2,085.00",2.57,2.59,"¥5,400",₱206.00,-¥64,¥689,"-¥1,757",-23.83%,38,1404-6157-2871,PH263687901244C
,20260422_ishida_ph_05_2,260516JCS413HF,2026/5/18,2026/5/16,#N/A,[BANDAI]GODZIBURST Godzilla(2016),¥710 ,₱512.00,"¥1,316",#N/A,$0.00,-₱48.00,-₱55.00,-₱11.00,₱292.00,2.57,#N/A,#N/A,₱106.00,#N/A,¥65,#N/A,#N/A,24,1404-6157-2915,PH265865356960U
,20260415_miyawaki_ph_03_13,260517JYWKVSPG,2026/5/18,2026/5/17,#N/A,Ichiban Kuji Frieren: Beyond Journey's End Frieren Prize A Figure,"¥6,200 ","₱4,732.00","¥12,161",#N/A,$0.00,#N/A,#N/A,#N/A,#N/A,2.57,#N/A,#N/A,,#N/A,¥564,#N/A,#N/A,32,1404-6157-2285,
,20260420_mizushima_ph_07_2,260517KE54UF7E,2026/5/18,2026/5/17,2026/6/3,[Gundam Base/Event Exclusive] MG 1/100 Sazabi Ver.Ka Mechanical Clear Model Kit from Mobile Suit Gundam: Char's Counterattack (Bandai Spirits),"¥13,300 ","₱7,689.00","¥19,761",#N/A,$0.00,-₱727.00,-₱300.00,-₱172.00,"₱5,184.00",2.57,2.59,"¥13,427","₱1,306.00",-¥171,"¥1,209",-¥142,-0.72%,27,1404-6157-2856,PH268726768907X
,20260512_miyawaki_ph_03,260517KQSBQWPM,2026/5/19,2026/5/17,#N/A,Ichiban Kuji Kingdom The Future of Qin Prize B Mouten MASTERLIZE Figure,"¥4,099 ","₱2,948.00","¥7,576",#N/A,$0.00,#N/A,#N/A,#N/A,#N/A,2.57,#N/A,#N/A,,#N/A,¥373,#N/A,#N/A,5,1404-6157-2311,
,20260511_mizushima_ph_04,260517KR68M649,2026/5/18,2026/5/17,#N/A,[Gundam Base Limited Edition] RG 1/144 Hi-ν Gundam Mobile Suit Gundam Char's Counterattack [Titanium Finish] (Bandai Spirits),"¥13,760 ","₱7,976.00","¥20,498",#N/A,$0.00,#N/A,#N/A,#N/A,#N/A,2.57,#N/A,#N/A,,#N/A,"¥1,251",#N/A,#N/A,6,1404-6157-2845,PH265089984080X
,20260407_machida_ph_07_3,260517M6GFC2J8,,2026/5/17,2026/6/3,S.H.Figuarts ONE PIECE Monkey D. Luffy -Dawn of Adventure- Approximately 145mm ABS&PVC painted movable figure [Direct From Japan],,"₱2,258.00","¥5,803",#N/A,$0.00,-₱214.00,-₱190.00,-₱51.00,"₱1,672.00",2.57,2.59,"¥4,330",₱131.00,-¥50,¥0,"¥4,149",71.50%,40,1404-6157-2963,PH2641865293056
,20260420_mizushima_ph_09_3,260517MCDKDPRH,,2026/5/17,#N/A,[Gundam Base / Event Exclusive] MG 1/100 Wing Gundam Zero EW [CROSS CONTRAST COLORS / CLEAR PURPLE] Plastic Model Kit (Bandai Spirits),仕入れ無,"₱6,211.00","¥15,962",#N/A,$0.00,#N/A,#N/A,#N/A,#N/A,2.57,#N/A,#N/A,,#N/A,#VALUE!,#N/A,#N/A,46159,,
,20260318_machida_ph_03,260517MJU4X8UE,,2026/5/17,2026/6/3,TAMIYA 1/10 Electric R/C Car Series No.570 Lancia Delta Integrale (TT-02 Chassis) Onroad 58570,,"₱5,792.00","¥14,885",#N/A,$0.00,-₱548.00,-₱300.00,-₱130.00,"₱3,683.00",2.57,2.59,"¥9,539",,-¥129,¥0,"¥9,410",63.22%,60,1404-6157-3022,PH261617797780L
,20260430_machida_ph_04_3,260517N2NNGYXM,2026/5/18,2026/5/17,2026/6/3,[Direct From Japan] Barbie Basic You Create Kit 3 YOU CREATE BARBIE BASICS™ Neutral Kit 003 Signature BLACK Dress-up dolls & houses Pretend play Barbie dolls Ages 6+ JJX37,"¥9,900 ","₱4,317.00","¥11,095",#N/A,$0.00,-₱408.00,-₱273.00,-₱97.00,"₱2,833.00",2.57,2.59,"¥7,337",,-¥96,¥900,"-¥1,759",-15.85%,17,1404-6157-2882,PH265786358460I
,20260409_machida_ph_01_4,260518NAR3TUKD,2026/5/18,2026/5/18,#N/A,[Direct From Japan] 1/12 Scale Electric RC Assembly Kit: Midnight Pumpkin Metallic Special 58365,"¥11,300 ","₱6,694.00","¥17,271",#N/A,$0.00,-₱633.00,-₱300.00,-₱150.00,"₱3,930.00",2.58,#N/A,#N/A,,#N/A,"¥1,027",#N/A,#N/A,39,1404-6157-2823,PH2653450457639
,20260410_mizushima_ph_06,260518P4BAEMMC,,2026/5/18,#N/A,[Tamiya] 1/10 Electric RC Car Series No. 694 1/10 RC Toyota GR 86 TT-02 Chassis Electric Radio Control 58694,仕入れ無,"₱7,369.00","¥19,012",#N/A,$0.00,#N/A,#N/A,#N/A,#N/A,2.58,#N/A,#N/A,,#N/A,#VALUE!,#N/A,#N/A,46160,,
,20260417_miyawaki_ph_04_9,260518PEA6S6BW,2026/5/19,2026/5/18,#N/A,Ichiban Kuji Frieren: Beyond Journey's End Last One Prize: Frieren Art Scale Figure,"¥11,500 ","₱8,569.00","¥22,108",#N/A,$0.00,#N/A,#N/A,#N/A,#N/A,2.58,#N/A,#N/A,,#N/A,"¥1,045",#N/A,#N/A,31,1404-6157-2263,
,20260430_machida_ph_16,260518PUQ33BUV,2026/5/19,2026/5/18,#N/A,[Direct From Japan] Barbie Lunar New Year 2026 Signature BLACK Dress-up Doll & House Pretend Play Barbie Dolls Ages 6+ Red JJX83,"¥8,879 ","₱3,733.00","¥9,631",#N/A,$0.00,#N/A,#N/A,#N/A,#N/A,2.58,#N/A,#N/A,,#N/A,¥807,#N/A,#N/A,18,1404-6157-2790,
,20260430_machida_ph_14,260518PVGVYJBS,2026/5/19,2026/5/18,#N/A,[Direct From Japan] Barbie Birthday Wishes Latina Signature Dress-up Doll & House – Pretend Play – Barbie Doll – Ages 6+ – Pink – JJX78,"¥6,160 ","₱2,773.00","¥7,154",#N/A,$0.00,#N/A,#N/A,#N/A,#N/A,2.58,#N/A,#N/A,,#N/A,¥560,#N/A,#N/A,18,1404-6157-2786,
,20260323_machida_ph_01_3,260518QHD63G7R,2026/5/19,2026/5/18,#N/A,Tamiya 1/10 Electric RC Car Series No.662 Comical Grasshopper (WR-02CB Chassis) Off-Road 58662 【Direct from Japan】,"¥13,130 ","₱7,816.00","¥20,165",#N/A,$0.00,#N/A,#N/A,#N/A,#N/A,2.58,#N/A,#N/A,,#N/A,"¥1,194",#N/A,#N/A,56,1404-6157-2742,
,20260318_machida_ph_02,260518QPVHHS37,2026/5/19,2026/5/18,2026/6/3,Tamiya 1/10 Electric RC Car Series No.719 BBX BB-01 Chassis 58719 [New] [Authentic] [Shipped from Japan],"¥29,733 ","₱16,000.00","¥41,280",#N/A,$0.00,"-₱1,514.00",-₱300.00,-₱358.00,"₱12,447.00",2.58,2.59,"¥32,238",,-¥356,"¥2,703","¥4,851",11.75%,61,1404-6157-2753,
,20260512_miyawaki_ph_02_2,260519R7GKHRAT,2026/5/19,2026/5/19,#N/A,Ichiban Kuji Kingdom The Future of Qin Prize A Shin MASTERLIZE Figure,"¥4,600 ","₱3,260.00","¥8,411",#N/A,$0.00,#N/A,#N/A,#N/A,#N/A,2.58,#N/A,#N/A,,#N/A,¥418,#N/A,#N/A,7,1404-6157-2204,
,20260512_miyawaki_ph_03_2,260519R7W23XUM,2026/5/19,2026/5/19,#N/A,Ichiban Kuji Kingdom The Future of Qin Prize B Mouten MASTERLIZE Figure,"¥4,500 ","₱2,948.00","¥7,606",#N/A,$0.00,#N/A,#N/A,#N/A,#N/A,2.58,#N/A,#N/A,,#N/A,¥409,#N/A,#N/A,7,1404-6157-2193,
,20260224_machida_ph_07,260519S321C9HP,2026/5/19,2026/5/19,2026/6/3,"Seiko Wall Clock, Analog Cuckoo Clock, Triple Selection Melody, Brown Metallic, 39x39x9.6cm, RE601B","¥14,080 ","₱7,629.00","¥19,683",#N/A,$0.00,-₱722.00,-₱300.00,-₱171.00,"₱4,480.00",2.58,2.59,"¥11,603",,-¥170,"¥1,280","-¥1,367",-6.94%,84,1404-6157-2775,
,20260429_mizushima_ph_13,260519S77VBEMA,,2026/5/19,#N/A,[Casio] G-SHOCK Watch [Authentic Japanese Domestic Model] Tough Solar GX-56UBB-1JF Men's Black,仕入れ無,"₱9,800.00","¥25,284",#N/A,$0.00,#N/A,#N/A,#N/A,#N/A,2.58,#N/A,#N/A,,#N/A,#VALUE!,#N/A,#N/A,46161,,
,20260430_machida_ph_04_4,260519SA7U6N7W,2026/5/20,2026/5/19,2026/6/3,[Direct From Japan] Barbie Basic You Create Kit 3 YOU CREATE BARBIE BASICS™ Neutral Kit 003 Signature BLACK Dress-up dolls & houses Pretend play Barbie dolls Ages 6+ JJX37,"¥9,900 ","₱4,317.00","¥11,138",#N/A,$0.00,-₱408.00,-₱273.00,-₱97.00,"₱2,933.00",2.58,2.59,"¥7,596",,-¥96,¥900,"-¥1,500",-13.46%,19,1404-6157-2720,PH261577029748D
,20260123_machida_ph_04_6,260519SB20FQPH,2026/5/19,2026/5/19,2026/6/3,Tamiya 1/10 Electric RC Car Series No.242 Wild Willy 2 Off-Road 58242,"¥13,904 ","₱7,234.00","¥18,664",#N/A,$0.00,-₱684.00,-₱300.00,-₱162.00,"₱4,432.00",2.58,2.59,"¥11,479",,-¥161,"¥1,264","-¥1,322",-7.08%,116,1404-6157-2731,PH267277478202G
,20260318_machida_ph_04_2,260519SGG8K87J,,2026/5/19,#N/A,Tamiya 1/10 Electric RC Car Series No.583 Egress (2013) Off-road 58583 [New] [Authentic] [Shipped from Japan],仕入れ無,"₱25,819.00","¥66,613",#N/A,$0.00,#N/A,#N/A,#N/A,#N/A,2.58,#N/A,#N/A,,#N/A,#VALUE!,#N/A,#N/A,46161,,
,20260428_miyawaki_ph_01_6,260519SV7ECUP4,2026/5/20,2026/5/19,#N/A,Ichiban Kuji Yu Yu Hakusho Dark Tournament vol.3 Kazuma Kuwabara MASTERLIZE Prize B Figure,"¥10,000 ","₱6,433.00","¥16,597",#N/A,$0.00,#N/A,#N/A,#N/A,#N/A,2.58,#N/A,#N/A,,#N/A,¥909,#N/A,#N/A,21,1404-6157-2241,
,20260410_miyawaki_ph_01_13,260519SV8768G7,2026/5/20,2026/5/19,#N/A,Ichiban Kuji Yu Yu Hakusho Dark Tournament Vol. 3 Last One Prize: Youko Kurama MASTERLIZE Figure,"¥7,222 ","₱4,988.00","¥12,869",#N/A,$0.00,#N/A,#N/A,#N/A,#N/A,2.58,#N/A,#N/A,,#N/A,¥657,#N/A,#N/A,39,,
,20260417_miyawaki_ph_04_10,260519T4E621YG,2026/5/20,2026/5/19,#N/A,Ichiban Kuji Frieren: Beyond Journey's End Last One Prize: Frieren Art Scale Figure,"¥11,200 ","₱8,673.00","¥22,376",#N/A,$0.00,#N/A,#N/A,#N/A,#N/A,2.58,#N/A,#N/A,,#N/A,"¥1,018",#N/A,#N/A,32,1404-6157-2215,
,20260430_machida_ph_14_2,260520TG8KRM16,,2026/5/20,#N/A,[Direct From Japan] Barbie Birthday Wishes Latina Signature Dress-up Doll & House – Pretend Play – Barbie Doll – Ages 6+ – Pink – JJX78,仕入れ無,"₱2,773.00","¥7,154",#N/A,$0.00,#N/A,#N/A,#N/A,#N/A,2.58,#N/A,#N/A,,#N/A,#VALUE!,#N/A,#N/A,46162,,
,20260422_ishida_ph_04_2,260520UR2P95YM,,2026/5/20,#N/A,[BANDAI]GODZIBURST Godzilla(1991),,₱506.00,"¥1,305",#N/A,$0.00,#N/A,#N/A,#N/A,#N/A,2.58,#N/A,#N/A,,#N/A,¥0,#N/A,#N/A,28,1404-6157-2672,PH2675377505950
,20260417_miyawaki_ph_04_11,260520UT191987,2026/5/21,2026/5/20,#N/A,Ichiban Kuji Frieren: Beyond Journey's End Last One Prize: Frieren Art Scale Figure,"¥11,999 ","₱8,673.00","¥22,376",#N/A,$0.00,#N/A,#N/A,#N/A,#N/A,2.58,#N/A,#N/A,,#N/A,"¥1,091",#N/A,#N/A,33,1404-6157-2090,
,20260420_mizushima_ph_09_3,260520UWXTTRX7,,2026/5/20,#N/A,[Gundam Base / Event Exclusive] MG 1/100 Wing Gundam Zero EW [CROSS CONTRAST COLORS / CLEAR PURPLE] Plastic Model Kit (Bandai Spirits),仕入れ無,"₱6,211.00","¥16,024",#N/A,$0.00,#N/A,#N/A,#N/A,#N/A,2.58,#N/A,#N/A,,#N/A,#VALUE!,#N/A,#N/A,30,,
,20260312_machida_ph_02_2,260520V6PKYS0N,2026/5/21,2026/5/20,#N/A,RG 1/144 Blast Impulse Gundam SpecII,"¥7,920 ","₱4,090.00","¥10,552",#N/A,$0.00,#N/A,#N/A,#N/A,#N/A,2.58,#N/A,#N/A,,#N/A,¥720,#N/A,#N/A,69,1404-6157-2650,PH2672670004524
,20260515_ishida_ph_03,260521VY7VATCK,2026/5/21,2026/5/21,#N/A,[JBL] CHARGE Essential 2 Wireless Speaker Bluetooth Portable Power Bank Function Passive Radiator IPX7 Waterproof 40W Bass JBLCHARGEES2,"¥11,500 ","₱9,495.00","¥24,497",#N/A,$0.00,#N/A,#N/A,#N/A,#N/A,2.58,#N/A,#N/A,,#N/A,"¥1,045",#N/A,#N/A,6,1404-6157-2661,PH265276201699Q
,20260402_miyawaki_ph_01_6,2605210TM4NATX,,2026/5/21,#N/A,Ichiban Kuji Yu Yu Hakusho Dark Tournament vol.3 Hiei MASTERLIZE Prize C Figure,仕入れ無,"₱2,480.00","¥6,398",#N/A,$0.00,#N/A,#N/A,#N/A,#N/A,2.58,#N/A,#N/A,,#N/A,#VALUE!,#N/A,#N/A,46163,,
,20260512_miyawaki_ph_02_3,26052111ATWR4S,2026/5/21,2026/5/21,#N/A,Ichiban Kuji Kingdom The Future of Qin Prize A Shin MASTERLIZE Figure,"¥4,600 ","₱3,627.00","¥9,358",#N/A,$0.00,#N/A,#N/A,#N/A,#N/A,2.58,#N/A,#N/A,,#N/A,¥418,#N/A,#N/A,9,1404-6157-2086,
,20260316_machida_ph_02_2,260521173JRTJE,2026/5/22,2026/5/21,2026/6/3,Bandai MG 1/100 Gundam Epyon EW Sturm und Drang Unit Model Kit Gundam W Endless Waltz Gunpla Japan,"¥12,800 ","₱6,302.00","¥16,259",#N/A,$0.00,-₱596.00,-₱300.00,-₱141.00,"₱4,484.00",2.58,2.59,"¥11,614",,-¥140,"¥1,164",-¥163,-1.00%,66,1404-6157-2646,PH267918893184R
,20260417_miyawaki_ph_04_12,26052119TAVP8S,2026/5/22,2026/5/21,#N/A,Ichiban Kuji Frieren: Beyond Journey's End Last One Prize: Frieren Art Scale Figure,"¥12,000 ","₱8,673.00","¥22,376",#N/A,$0.00,#N/A,#N/A,#N/A,#N/A,2.58,#N/A,#N/A,,#N/A,"¥1,091",#N/A,#N/A,34,1404-6157-2075,
,20260512_mizushima_ph_02,2605211KXF16QE,2026/5/22,2026/5/21,#N/A,[Gundam Base Exclusive] HG 1/144 G-Self (Perfect Pack Equipped) (Gundam Reconguista in G Movie Version) [Bandai Spirits],"¥5,970 ","₱2,373.00","¥6,122",#N/A,$0.00,#N/A,#N/A,#N/A,#N/A,2.58,#N/A,#N/A,,#N/A,¥543,#N/A,#N/A,9,1404-6157-2635,PH264084231373O
,20260501_ishida_ph_05,26052122FF8X3T,2026/5/22,2026/5/21,#N/A,[BANDAI] Movie Monster Series: Godzilla (2016) Awakening Ver.,"¥2,055 ","₱1,221.00","¥3,150",#N/A,$0.00,#N/A,#N/A,#N/A,#N/A,2.58,#N/A,#N/A,,#N/A,¥187,#N/A,#N/A,20,1404-6157-2613,PH264223369662L
,20260415_miyawaki_ph_03_14,26052128WHUBD3,2026/5/22,2026/5/21,#N/A,Ichiban Kuji Frieren: Beyond Journey's End Frieren Prize A Figure,"¥5,888 ","₱4,732.00","¥12,209",#N/A,$0.00,#N/A,#N/A,#N/A,#N/A,2.58,#N/A,#N/A,,#N/A,¥535,#N/A,#N/A,36,,
,20260430_machida_ph_03_3,2605222BGC6B11,2026/5/22,2026/5/22,#N/A,[Direct From Japan] Barbie Basic You Create Kit 2 YOU CREATE BARBIE BASICS™ Neutral Kit 002 Signature BLACK Dress-up dolls & houses Pretend play Barbie dolls Ages 6+ JJX36,"¥9,405 ","₱4,312.00","¥11,168",#N/A,$0.00,#N/A,#N/A,#N/A,#N/A,2.59,#N/A,#N/A,,#N/A,¥855,#N/A,#N/A,22,1404-6157-2602,PH260317212039F
,20260430_machida_ph_04_5,2605222FXTNHXX,2026/5/22,2026/5/22,#N/A,[Direct From Japan] Barbie Basic You Create Kit 3 YOU CREATE BARBIE BASICS™ Neutral Kit 003 Signature BLACK Dress-up dolls & houses Pretend play Barbie dolls Ages 6+ JJX37,"¥9,405 ","₱4,317.00","¥11,181",#N/A,$0.00,#N/A,#N/A,#N/A,#N/A,2.59,#N/A,#N/A,,#N/A,¥855,#N/A,#N/A,22,1404-6157-2624,PH267074654006T
,20260323_machida_ph_05,260522378XWFQG,2026/5/22,2026/5/22,#N/A,[Direct From Japan] Tamiya 1/10 Electric RC Car Series No. 695 1/10 RC Racing Buggy Wild One Off-Roader BLOCKHEAD MOTORS 58695,"¥21,781 ","₱12,637.00","¥32,730",#N/A,$0.00,#N/A,#N/A,#N/A,#N/A,2.59,#N/A,#N/A,,#N/A,"¥1,980",#N/A,#N/A,60,1404-6157-2576,PH2676473272252
,20260417_miyawaki_ph_04_13,2605223BS1W4FQ,2026/5/22,2026/5/22,#N/A,Ichiban Kuji Frieren: Beyond Journey's End Last One Prize: Frieren Art Scale Figure,"¥10,350 ","₱8,673.00","¥22,463",#N/A,$0.00,#N/A,#N/A,#N/A,#N/A,2.59,#N/A,#N/A,,#N/A,¥941,#N/A,#N/A,35,,
,20260417_miyawaki_ph_04_14,26052245DS64UJ,2026/5/25,2026/5/22,#N/A,Ichiban Kuji Frieren: Beyond Journey's End Last One Prize: Frieren Art Scale Figure,"¥11,800 ","₱8,673.00","¥22,463",#N/A,$0.00,#N/A,#N/A,#N/A,#N/A,2.59,#N/A,#N/A,,#N/A,"¥1,073",#N/A,#N/A,35,,
,20260512_mizushima_ph_02_2,2605224HWU95T8,2026/5/25,2026/5/22,#N/A,[Gundam Base Exclusive] HG 1/144 G-Self (Perfect Pack Equipped) (Gundam Reconguista in G Movie Version) [Bandai Spirits],"¥3,120 ","₱2,213.00","¥5,732",#N/A,$0.00,#N/A,#N/A,#N/A,#N/A,2.59,#N/A,#N/A,,#N/A,¥284,#N/A,#N/A,10,1404-6157-2484,PH263217516526H
,20260501_mizushima_ph_07,26052353YN4QMU,2026/5/25,2026/5/23,#N/A,[Gundam Base / Event Exclusive] MG 1/100 Gundam Deathscythe Hell EW [Special Coating] (Bandai Spirits),"¥12,480 ","₱7,375.00","¥19,101",#N/A,$0.00,#N/A,#N/A,#N/A,#N/A,2.59,#N/A,#N/A,,#N/A,"¥1,135",#N/A,#N/A,22,1404-6157-2543,PH261380959971C
,20260511_mizushima_ph_04_2,2605235KB7YPVM,,2026/5/23,#N/A,[Gundam Base Limited Edition] RG 1/144 Hi-ν Gundam Mobile Suit Gundam Char's Counterattack [Titanium Finish] (Bandai Spirits),仕入れ無,"₱7,827.00","¥20,272",#N/A,$0.00,#N/A,#N/A,#N/A,#N/A,2.59,#N/A,#N/A,,#N/A,#VALUE!,#N/A,#N/A,12,,
,20260429_machida_ph_02,26052362N4FNH6,2026/5/25,2026/5/23,#N/A,[Direct From Japan] Tamiya 1/10 Electric RC Car Series No. 634 NSX (TT-02 Chassis) On-Road 58634,"¥10,450 ","₱7,117.00","¥18,433",#N/A,$0.00,#N/A,#N/A,#N/A,#N/A,2.59,#N/A,#N/A,,#N/A,¥950,#N/A,#N/A,24,1404-6157-2532,PH2607806370921
,20260511_mizushima_ph_04_2,2605236687GP6Q,2026/5/25,2026/5/23,#N/A,[Gundam Base Limited Edition] RG 1/144 Hi-ν Gundam Mobile Suit Gundam Char's Counterattack [Titanium Finish] (Bandai Spirits),"¥13,365 ","₱7,827.00","¥20,272",#N/A,$0.00,#N/A,#N/A,#N/A,#N/A,2.59,#N/A,#N/A,,#N/A,"¥1,215",#N/A,#N/A,12,1404-6157-2521,PH269527306076H
,20260302_machida_ph_02_2,260523671BG3C3,2026/5/25,2026/5/23,#N/A,Jurassic World Hammond Collection Stegosaurus Action Figure Dinosaur Toy,"¥4,681 ","₱2,908.00","¥7,532",#N/A,$0.00,#N/A,#N/A,#N/A,#N/A,2.59,#N/A,#N/A,,#N/A,¥426,#N/A,#N/A,82,1404-6157-2580,PH265805763792J
,20260324_machida_ph_04_3,2605236S5MGA11,2026/5/25,2026/5/23,#N/A,Authentic Tamiya 1/10 Scale Electric RC Car Series No. 747 Mini Cooper Racing (MB-01 Chassis) Electric Radio Control 58747,"¥16,480 ","₱9,334.00","¥24,175",#N/A,$0.00,#N/A,#N/A,#N/A,#N/A,2.59,#N/A,#N/A,,#N/A,"¥1,498",#N/A,#N/A,60,1404-6157-2506,
,20260430_machida_ph_14_2,2605248590MAS6,2026/5/25,2026/5/24,#N/A,[Direct From Japan] Barbie Birthday Wishes Latina Signature Dress-up Doll & House – Pretend Play – Barbie Doll – Ages 6+ – Pink – JJX78,"¥5,852 ","₱2,773.00","¥7,182",#N/A,$0.00,#N/A,#N/A,#N/A,#N/A,2.59,#N/A,#N/A,,#N/A,¥532,#N/A,#N/A,24,1404-6157-2495,
,20260413_machida_ph_01_3,2605249B54F4FC,2026/5/25,2026/5/24,#N/A,[Direct From Japan] Tamiya 1/10 Electric RC Car Series No. 546 1/12 Lunchbox Black Edition 58546,"¥12,848 ","₱6,794.00","¥17,596",#N/A,$0.00,#N/A,#N/A,#N/A,#N/A,2.59,#N/A,#N/A,,#N/A,"¥1,168",#N/A,#N/A,41,1404-6175-2554,PH260157853939K
,20260219_machida_sg_02,2605249MNBHU7Q,2026/5/25,2026/5/24,#N/A,RANGS Japan Rip Surf Skateboard,"¥13,574 ",SDG141.95,#VALUE!,#N/A,$0.00,#N/A,#N/A,#N/A,#N/A,2.59,#N/A,#N/A,,#N/A,"¥1,234",#N/A,#N/A,94,1404-6157-2565,
,20260220_machida_ph_06_2,2605249PBGDCJA,2026/5/25,2026/5/24,#N/A,Shimano (SHIMANO) Baitcasting Reel Dual Axis 20 Thoreum 2000HG,"¥21,324 ","₱10,325.00","¥26,742",#N/A,$0.00,#N/A,#N/A,#N/A,#N/A,2.59,#N/A,#N/A,,#N/A,"¥1,939",#N/A,#N/A,93,1404-6157-2591,
,20260522_miyawaki_ph_02,260525AUXEHDYB,2026/5/26,2026/5/25,#N/A,Ichiban Kuji BLEACH Stirring Souls vol.4 Prize A: Toshiro Hitsugaya MASTERLISE Figure,"¥5,937 ","₱5,418.00","¥14,033",#N/A,$0.00,#N/A,#N/A,#N/A,#N/A,2.59,#N/A,#N/A,,#N/A,¥540,#N/A,#N/A,3,,
,20260420_mizushima_ph_09_3,260525BC8F0NBV,,2026/5/25,#N/A,[Gundam Base / Event Exclusive] MG 1/100 Wing Gundam Zero EW [CROSS CONTRAST COLORS / CLEAR PURPLE] Plastic Model Kit (Bandai Spirits),仕入れ無,"₱6,211.00","¥16,086",#N/A,$0.00,#N/A,#N/A,#N/A,#N/A,2.59,#N/A,#N/A,,#N/A,#VALUE!,#N/A,#N/A,35,,#N/A
,20260504_ishida_ph_02_2,260525BK7M5M21,2026/5/26,2026/5/25,#N/A,[Bandai] JAPAN GODZILLA(2023) Mount Fuji,¥878 ,₱624.00,"¥1,616",#N/A,$0.00,#N/A,#N/A,#N/A,#N/A,2.59,#N/A,#N/A,,#N/A,¥80,#N/A,#N/A,21,1404-6157-2436,Drop-off
,20260123_machida_ph_04_7,260525BV81SU7R,2026/5/26,2026/5/25,#N/A,Tamiya 1/10 Electric RC Car Series No.242 Wild Willy 2 Off-Road 58242,"¥10,367 ","₱7,234.00","¥18,736",#N/A,$0.00,#N/A,#N/A,#N/A,#N/A,2.59,#N/A,#N/A,有在庫へ,#N/A,¥942,#N/A,#N/A,122,,#N/A
,20260323_machida_ph_02＿2,260525BY81JV6R,2026/5/26,2026/5/25,#N/A,[Direct From Japan] Tamiya 1/10 Electric RC Car Series No. 618 Monster Beetle 2015 Off-Road 58618,"¥17,400 ","₱10,648.00","¥27,578",#N/A,$0.00,#N/A,#N/A,#N/A,#N/A,2.59,#N/A,#N/A,,#N/A,"¥1,582",#N/A,#N/A,63,1404-6157-2462,#N/A
,20260325_machida_ph_02,260525C175EV44,2026/5/26,2026/5/25,#N/A,Tamiya 1/10 Electric RC Car Series No.502 Blitzer Beetle (2011) Off-Road 58502【Direct from Japan】,"¥17,172 ","₱10,154.00","¥26,299",#N/A,$0.00,#N/A,#N/A,#N/A,#N/A,2.59,#N/A,#N/A,,#N/A,"¥1,561",#N/A,#N/A,61,1404-6157-2473,#N/A
,20260429_miyawaki_ph_01_2,260525C3APJ64Q,2026/5/26,2026/5/25,#N/A,Ichiban Kuji Yu Yu Hakusho Dark Tournament vol.3 Prize D: Koenma MASTERLISE Figure,"¥5,000 ","₱3,917.00","¥10,145",#N/A,$0.00,#N/A,#N/A,#N/A,#N/A,2.59,#N/A,#N/A,,#N/A,¥455,#N/A,#N/A,26,,
,20260415_miyawaki_ph_03_15,260526CM0U6Y5A,2026/5/26,2026/5/26,#N/A,Ichiban Kuji Frieren: Beyond Journey's End Frieren Prize A Figure,"¥6,180 ","₱4,258.00","¥11,028",#N/A,$0.00,#N/A,#N/A,#N/A,#N/A,2.59,#N/A,#N/A,,#N/A,¥562,#N/A,#N/A,41,,
,20260416_machida_ph_13,260526CW1FJUWM,2026/5/26,2026/5/26,#N/A,[Direct From Japan] Takara Tomy (TAKARA TOMY) Beyblade X BX-48 Random Booster Vol. 9,"¥4,980 ","₱1,202.00","¥3,113",#N/A,$0.00,#N/A,#N/A,#N/A,#N/A,2.59,#N/A,#N/A,,#N/A,¥453,#N/A,#N/A,40,1404-6157-2414,#N/A
,20260320_machida_ph_01_2,260526D659VPYR,2026/5/26,2026/5/26,#N/A,TAMIYA 1/12 Electric RC Car Series No. 547 Midnight Pumpkin Black Edition 58547,"¥10,947 ","₱5,894.00","¥15,265",#N/A,$0.00,#N/A,#N/A,#N/A,#N/A,2.59,#N/A,#N/A,,#N/A,¥995,#N/A,#N/A,67,1404-6157-2440,#N/A
,20260402_miyawaki_ph_01_6,260526DC5UNKQX,2026/5/26,2026/5/26,#N/A,Ichiban Kuji Yu Yu Hakusho Dark Tournament vol.3 Hiei MASTERLIZE Prize C Figure,"¥3,200 ","₱2,480.00","¥6,423",#N/A,$0.00,#N/A,#N/A,#N/A,#N/A,2.59,#N/A,#N/A,,#N/A,¥291,#N/A,#N/A,54,,
,20260424_machida_ph_01,260526DJAG0SPH,2026/5/26,2026/5/26,#N/A,[Direct From Japan] [2026 Model] Takara Tomy Plarail: Connect and Have Fun! Plarail Best Selection Set – Trains and Trainsets – Toy – Ages 3+,"¥4,306 ","₱3,086.00","¥7,993",#N/A,$0.00,#N/A,#N/A,#N/A,#N/A,2.59,#N/A,#N/A,,#N/A,¥391,#N/A,#N/A,32,1404-6157-2403,#N/A
,20260410_miyawaki_ph_01_14,260526DK1WHTH6,2026/5/26,2026/5/26,#N/A,Ichiban Kuji Yu Yu Hakusho Dark Tournament Vol. 3 Last One Prize: Youko Kurama MASTERLIZE Figure,"¥7,500 ","₱4,489.00","¥11,627",#N/A,$0.00,#N/A,#N/A,#N/A,#N/A,2.59,#N/A,#N/A,,#N/A,¥682,#N/A,#N/A,46,1404-6157-2042,
,20260306_machida_ph_04_3,260526DMY88DHA,2026/5/26,2026/5/26,#N/A,Tamiya RC Special Product 1/10 Electric RC Car Super Astute 2018 Off-Road 47381,"¥24,800 ","₱11,850.00","¥30,692",#N/A,$0.00,#N/A,#N/A,#N/A,#N/A,2.59,#N/A,#N/A,,#N/A,"¥2,255",#N/A,#N/A,81,1404-6157-2381,Drop-off
,20260417_miyawaki_ph_02_2,260526DQ4Q933Y,2026/5/26,2026/5/26,#N/A,Ichiban Kuji Yu Yu Hakusho Dark Tournament Prize B Yusuke Urameshi MASTERLISE Figure,"¥4,500 ","₱3,742.00","¥9,692",#N/A,$0.00,#N/A,#N/A,#N/A,#N/A,2.59,#N/A,#N/A,,#N/A,¥409,#N/A,#N/A,39,,
,20260429_miyawaki_ph_02_2,260526DQ4Q933Y,2026/5/26,2026/5/26,#N/A,Ichiban Kuji Yu Yu Hakusho Dark Tournament vol.3 Prize E Genkai MASTERLISE EMOVING Figure,"¥5,200 ","₱3,759.00","¥9,736",#N/A,$0.00,#N/A,#N/A,#N/A,#N/A,2.59,#N/A,#N/A,,#N/A,¥473,#N/A,#N/A,27,,
,20260316_machida_ph_03_3,260526DUM3BUBA,2026/5/27,2026/5/26,#N/A,Bandai (Bandai) RG 1/144 GUNDAM SIDE-F Limited RX-93FF ν Gundam Mobile Suit Gundam Counterattack Char,"¥7,480 ","₱4,394.00","¥11,380",#N/A,$0.00,#N/A,#N/A,#N/A,#N/A,2.59,#N/A,#N/A,,#N/A,¥680,#N/A,#N/A,71,1404-6157-2370,Drop-off
,20260415_miyawaki_ph_03_16,260526EH50FPUK,,2026/5/26,#N/A,Ichiban Kuji Frieren: Beyond Journey's End Frieren Prize A Figure,仕入れ無,"₱4,258.00","¥11,028",#N/A,$0.00,#N/A,#N/A,#N/A,#N/A,2.59,#N/A,#N/A,,#N/A,#VALUE!,#N/A,#N/A,41,,#N/A
,20260415_miyawaki_ph_03_16,260526EHKC4V2T,2026/5/27,2026/5/26,#N/A,Ichiban Kuji Frieren: Beyond Journey's End Frieren Prize A Figure,"¥6,200 ","₱4,258.00","¥11,028",#N/A,$0.00,#N/A,#N/A,#N/A,#N/A,2.59,#N/A,#N/A,,#N/A,¥564,#N/A,#N/A,41,,
,20260526_miyawaki_ph_01,260527F5M45PRT,2026/5/27,2026/5/27,#N/A,Ichiban Kuji HUNTER×HUNTER ZAOLDYECK FAMILY Prize B Zeno Zaoldyeck MASTERLISE Figure,"¥7,777 ","₱5,117.00","¥13,253",#N/A,$0.00,#N/A,#N/A,#N/A,#N/A,2.59,#N/A,#N/A,,#N/A,¥707,#N/A,#N/A,1,,
,20260422_ishida_ph_04_2,260527G49U67BH,2026/5/27,2026/5/27,#N/A,[BANDAI]GODZIBURST Godzilla(1991),¥710 ,₱506.00,"¥1,311",#N/A,$0.00,#N/A,#N/A,#N/A,#N/A,2.59,#N/A,#N/A,,#N/A,¥65,#N/A,#N/A,35,1404-6157-2300,Drop-off
,20260306_machida_ph_04_4,260527GAX0C3A0,2026/5/27,2026/5/27,#N/A,Tamiya RC Special Product 1/10 Electric RC Car Super Astute 2018 Off-Road 47381,"¥30,622 ","₱11,850.00","¥30,692",#N/A,$0.00,#N/A,#N/A,#N/A,#N/A,2.59,#N/A,#N/A,,#N/A,"¥2,784",#N/A,#N/A,82,1404-6157-2296,Drop-off
,20260424_ishida_ph_03_2,260527GFCGT8FP,,2026/5/27,#N/A,[Direct From Japan]YAMAHA Portable Speaker WS-B1A(B): Bluetooth / Compact / IP67-rated dust and water resistance / Ideal for wet areas and outdoor use / Clear Voice / Black,仕入れ無,"₱6,126.00","¥15,866",#N/A,$0.00,#N/A,#N/A,#N/A,#N/A,2.59,#N/A,#N/A,,#N/A,#VALUE!,#N/A,#N/A,33,,#N/A
,20260420_mizushima_ph_09_3,260527GFQA330K,,2026/5/27,#N/A,[Gundam Base / Event Exclusive] MG 1/100 Wing Gundam Zero EW [CROSS CONTRAST COLORS / CLEAR PURPLE] Plastic Model Kit (Bandai Spirits),仕入れ無,"₱6,211.00","¥16,086",#N/A,$0.00,#N/A,#N/A,#N/A,#N/A,2.59,#N/A,#N/A,,#N/A,#VALUE!,#N/A,#N/A,37,,#N/A
,20260415_miyawaki_ph_03_17,260527GQH3RAS1,,2026/5/27,#N/A,Ichiban Kuji Frieren: Beyond Journey's End Frieren Prize A Figure,仕入れ無,"₱4,258.00","¥11,028",#N/A,$0.00,#N/A,#N/A,#N/A,#N/A,2.59,#N/A,#N/A,,#N/A,#VALUE!,#N/A,#N/A,42,,#N/A
,20260420_mizushima_ph_07_3,260527GWQN4QY1,2026/5/28,2026/5/27,#N/A,[Gundam Base/Event Exclusive] MG 1/100 Sazabi Ver.Ka Mechanical Clear Model Kit from Mobile Suit Gundam: Char's Counterattack (Bandai Spirits),"¥10,811 ","₱7,618.00","¥19,731",#N/A,$0.00,#N/A,#N/A,#N/A,#N/A,2.59,#N/A,#N/A,,#N/A,¥983,#N/A,#N/A,37,1404-6157-2274,Drop-off
,20260417_miyawaki_ph_04_15,260527H8KGCR0K,2026/5/28,2026/5/27,#N/A,Ichiban Kuji Frieren: Beyond Journey's End Last One Prize: Frieren Art Scale Figure,"¥11,300 ","₱8,673.00","¥22,463",#N/A,$0.00,#N/A,#N/A,#N/A,#N/A,2.59,#N/A,#N/A,,#N/A,"¥1,027",#N/A,#N/A,40,,
,20260123_machida_ph_04_8,260528HD6A8CJ6,,2026/5/28,#N/A,Tamiya 1/10 Electric RC Car Series No.242 Wild Willy 2 Off-Road 58242,仕入れ無,"₱6,510.00","¥16,926",#N/A,$0.00,#N/A,#N/A,#N/A,#N/A,2.6,#N/A,#N/A,,#N/A,#VALUE!,#N/A,#N/A,125,,Drop-off
,20260323_machida_ph_01_4,260528HECC2WJP,,2026/5/28,#N/A,Tamiya 1/10 Electric RC Car Series No.662 Comical Grasshopper (WR-02CB Chassis) Off-Road 58662 【Direct from Japan】,仕入れ無,"₱7,034.00","¥18,288",#N/A,$0.00,#N/A,#N/A,#N/A,#N/A,2.6,#N/A,#N/A,,#N/A,#VALUE!,#N/A,#N/A,66,,#N/A
,20260219_machida_ph_02,260528HGHQ7PN2,2026/5/28,2026/5/28,#N/A,RANGS Japan Rip Surf Skateboard,"¥13,568 ","₱5,304.00","¥13,790",#N/A,$0.00,#N/A,#N/A,#N/A,#N/A,2.6,#N/A,#N/A,,#N/A,"¥1,233",#N/A,#N/A,98,1404-6157-2226,Drop-off
,20260430_ishida_ph_05,260528J9E83T99,2026/5/28,2026/5/28,#N/A,[BANDAI] Movie Monster Series: Godzilla (1971),"¥2,382 ","₱1,360.00","¥3,536",#N/A,$0.00,#N/A,#N/A,#N/A,#N/A,2.6,#N/A,#N/A,,#N/A,¥217,#N/A,#N/A,28,1404-6157-2230,Drop-off
,20260415_miyawaki_ph_03_17,260528JGPBBRE6,2026/5/28,2026/5/28,#N/A,Ichiban Kuji Frieren: Beyond Journey's End Frieren Prize A Figure,"¥6,200 ","₱4,258.00","¥11,071",#N/A,$0.00,#N/A,#N/A,#N/A,#N/A,2.6,#N/A,#N/A,,#N/A,¥564,#N/A,#N/A,43,,
,20260415_miyawaki_ph_03_18,260528KBS8RJBC,2026/5/29,2026/5/28,#N/A,Ichiban Kuji Frieren: Beyond Journey's End Frieren Prize A Figure,"¥6,300 ","₱4,258.00","¥11,071",#N/A,$0.00,#N/A,#N/A,#N/A,#N/A,2.6,#N/A,#N/A,,#N/A,¥573,#N/A,#N/A,43,,
,20260318_machida_ph_01_7,260528KKFVD0HJ,2026/5/29,2026/5/28,#N/A,Tamiya 1/10 Electric RC Car Series No.571 Porsche 911 Carrera RSR (TT-02 Chassis) On-Road 58571 [New] [Authentic] [Shipped from Japan],"¥10,561 ","₱5,875.00","¥15,275",#N/A,$0.00,#N/A,#N/A,#N/A,#N/A,2.6,#N/A,#N/A,,#N/A,¥960,#N/A,#N/A,71,1404-6157-1972,
,20260522_miyawaki_ph_04,260529M3RF5QQT,2026/5/29,2026/5/29,#N/A,Ichiban Kuji BLEACH Stirring Souls vol.4 Prize C: Aizen Sousuke MASTERLISE Figure,"¥9,000 ","₱6,141.00","¥15,967",#N/A,$0.00,#N/A,#N/A,#N/A,#N/A,2.6,#N/A,#N/A,,#N/A,¥818,#N/A,#N/A,7,,
,20260525_miyawaki_ph_01,260529M5PHQX3F,2026/5/29,2026/5/29,#N/A,Ichiban Kuji HUNTER×HUNTER ZAOLDYECK FAMILY Prize D Killua Zaoldyeck MASTERLISE Figure,"¥11,400 ","₱7,853.00","¥20,418",#N/A,$0.00,#N/A,#N/A,#N/A,#N/A,2.6,#N/A,#N/A,,#N/A,"¥1,036",#N/A,#N/A,4,,
,20260306_machida_ph_06_2,260529MMSE3K5J,2026/5/29,2026/5/29,#N/A,Gundam Base Limited Sengoku Astray Gundam,"¥8,650 ","₱5,218.00","¥13,567",#N/A,$0.00,#N/A,#N/A,#N/A,#N/A,2.6,#N/A,#N/A,,#N/A,¥786,#N/A,#N/A,84,1404-6157-2171,
,20260224_machida_ph_07_2,260529N65R9AUQ,2026/5/29,2026/5/29,#N/A,"Seiko Wall Clock, Analog Cuckoo Clock, Triple Selection Melody, Brown Metallic, 39x39x9.6cm, RE601B","¥14,080 ","₱8,491.00","¥22,077",#N/A,$0.00,#N/A,#N/A,#N/A,#N/A,2.6,#N/A,#N/A,,#N/A,"¥1,280",#N/A,#N/A,94,1404-6157-2156,#N/A
,20260522_miyawaki_ph_02_2,260529NCJE4WKN,2026/5/26,2026/5/29,#N/A,Ichiban Kuji BLEACH Stirring Souls vol.4 Prize A: Toshiro Hitsugaya MASTERLISE Figure,"¥5,937 ","₱4,597.00","¥11,952",#N/A,$0.00,#N/A,#N/A,#N/A,#N/A,2.6,#N/A,#N/A,,#N/A,¥540,#N/A,#N/A,7,,#N/A
,20260512_mizushima_ph_02_3,260529NR3M8FF4,2026/6/1,2026/5/29,#N/A,[Gundam Base Exclusive] HG 1/144 G-Self (Perfect Pack Equipped) (Gundam Reconguista in G Movie Version) [Bandai Spirits],"¥3,199 ","₱2,370.00","¥6,162",#N/A,$0.00,#N/A,#N/A,#N/A,#N/A,2.6,#N/A,#N/A,,#N/A,¥291,#N/A,#N/A,14,1404-6157-2031,#N/A
,20260522_miyawaki_ph_05,260530QC052G0A,2026/6/1,2026/5/30,#N/A,Ichiban Kuji BLEACH Stirring Souls vol.4 Last One Prize: Urahara Kisuke MASTERLISE Figure,"¥21,000 ","₱12,542.00","¥32,609",#N/A,$0.00,#N/A,#N/A,#N/A,#N/A,2.6,#N/A,#N/A,,#N/A,"¥1,909",#N/A,#N/A,8,1404-6157-2005,#N/A
,20260515_mizushima_ph_02,260530QPP6ENFD,2026/6/1,2026/5/30,#N/A,[Gundam Base Exclusive] Haropla Mobile Haro Gundam Base Color【Bandai Spirits】,"¥2,350 ","₱1,934.00","¥5,028",#N/A,$0.00,#N/A,#N/A,#N/A,#N/A,2.6,#N/A,#N/A,,#N/A,¥214,#N/A,#N/A,15,1404-6157-2020,#N/A
,20260515_mizushima_ph_10,260530QPP6ENFD,2026/6/1,2026/5/30,#N/A,[Gundam Base Exclusive] Haropla Haro [Painting Model] Clear & White Gundam Build Divers [Bandai Spirits],"¥2,231 ","₱1,778.00","¥4,623",#N/A,$0.00,#N/A,#N/A,#N/A,#N/A,2.6,#N/A,#N/A,,#N/A,¥203,#N/A,#N/A,15,1404-6157-2020,#N/A
,20260430_machida_ph_12,260530RFCE2BN4,2026/6/1,2026/5/30,#N/A,[Direct From Japan] Barbie Basic Ponytail Signature BLACK Dress-up Dolls & Houses Barbie Dolls Ages 6+ JBH73,"¥6,850 ","₱2,111.00","¥5,489",#N/A,$0.00,#N/A,#N/A,#N/A,#N/A,2.6,#N/A,#N/A,,#N/A,¥623,#N/A,#N/A,30,1404-6157-1994,#N/A
,20260417_miyawaki_ph_04_16,260531S8SYDRDG,2026/6/1,2026/5/31,#N/A,Ichiban Kuji Frieren: Beyond Journey's End Last One Prize: Frieren Art Scale Figure,"¥11,800 ","₱8,673.00","¥22,550",#N/A,$0.00,#N/A,#N/A,#N/A,#N/A,2.6,#N/A,#N/A,,#N/A,"¥1,073",#N/A,#N/A,44,,#N/A
,20260423_machida_ph_05_2,260531TJXH8RDX,2026/6/1,2026/5/31,#N/A,[Direct From Japan] Tamiya 1/10 Electric RC Car Series No. 391 Hot Shot 2007 Off-Road 58391,"¥21,428 ","₱12,182.00","¥31,673",#N/A,$0.00,#N/A,#N/A,#N/A,#N/A,2.6,#N/A,#N/A,,#N/A,"¥1,948",#N/A,#N/A,38,1404-6157-2016,#N/A
,20260420_mizushima_ph_07_4,2606010033DJ6K,,2026/6/1,#N/A,[Gundam Base/Event Exclusive] MG 1/100 Sazabi Ver.Ka Mechanical Clear Model Kit from Mobile Suit Gundam: Char's Counterattack (Bandai Spirits),仕入れ無,"₱7,469.00","¥19,345",#N/A,$0.00,#N/A,#N/A,#N/A,#N/A,2.59,#N/A,#N/A,,#N/A,#VALUE!,#N/A,#N/A,42,,#N/A
,20260123_machida_ph_04_9,26060107UYH3VA,,2026/6/1,#N/A,Tamiya 1/10 Electric RC Car Series No.242 Wild Willy 2 Off-Road 58242,仕入れ無,"₱7,375.00","¥19,101",#N/A,$0.00,#N/A,#N/A,#N/A,#N/A,2.59,#N/A,#N/A,,#N/A,#VALUE!,#N/A,#N/A,129,,#N/A
,20260522_miyawaki_ph_02_2,2606020VQ6DB1B,,2026/6/2,#N/A,Ichiban Kuji BLEACH Stirring Souls vol.4 Prize A: Toshiro Hitsugaya MASTERLISE Figure,仕入れ無,"₱4,597.00","¥11,906",#N/A,$0.00,#N/A,#N/A,#N/A,#N/A,2.59,#N/A,#N/A,,#N/A,#VALUE!,#N/A,#N/A,11,,#N/A
,,,,,#N/A,,,,#N/A,#N/A,$0.00,#N/A,#N/A,#N/A,#N/A,#N/A,#N/A,#N/A,,#N/A,¥0,#N/A,#N/A,0,,#N/A
,,,,,#N/A,,,,#N/A,#N/A,$0.00,#N/A,#N/A,#N/A,#N/A,#N/A,#N/A,#N/A,,#N/A,¥0,#N/A,#N/A,0,,#N/A
,,,,,#N/A,,,,#N/A,#N/A,$0.00,#N/A,#N/A,#N/A,#N/A,#N/A,#N/A,#N/A,,#N/A,¥0,#N/A,#N/A,0,,#N/A
,,,,,#N/A,,,,#N/A,#N/A,$0.00,#N/A,#N/A,#N/A,#N/A,#N/A,#N/A,#N/A,,#N/A,¥0,#N/A,#N/A,0,,#N/A
,,,,,#N/A,,,,#N/A,#N/A,$0.00,#N/A,#N/A,#N/A,#N/A,#N/A,#N/A,#N/A,,#N/A,¥0,#N/A,#N/A,0,,#N/A
,,,,,#N/A,,,,#N/A,#N/A,$0.00,#N/A,#N/A,#N/A,#N/A,#N/A,#N/A,#N/A,,#N/A,¥0,#N/A,#N/A,0,,#N/A
,,,,,#N/A,,,,#N/A,#N/A,$0.00,#N/A,#N/A,#N/A,#N/A,#N/A,#N/A,#N/A,,#N/A,¥0,#N/A,#N/A,0,,#N/A
,,,,,#N/A,,,,#N/A,#N/A,$0.00,#N/A,#N/A,#N/A,#N/A,#N/A,#N/A,#N/A,,#N/A,¥0,#N/A,#N/A,0,,#N/A
,,,,,#N/A,,,,#N/A,#N/A,$0.00,#N/A,#N/A,#N/A,#N/A,#N/A,#N/A,#N/A,,#N/A,¥0,#N/A,#N/A,0,,#N/A
,,,,,#N/A,,,,#N/A,#N/A,$0.00,#N/A,#N/A,#N/A,#N/A,#N/A,#N/A,#N/A,,#N/A,¥0,#N/A,#N/A,0,,#N/A
,,,,,#N/A,,,,#N/A,#N/A,$0.00,#N/A,#N/A,#N/A,#N/A,#N/A,#N/A,#N/A,,#N/A,¥0,#N/A,#N/A,0,,#N/A
,,,,,#N/A,,,,#N/A,#N/A,$0.00,#N/A,#N/A,#N/A,#N/A,#N/A,#N/A,#N/A,,#N/A,¥0,#N/A,#N/A,0,,#N/A
,,,,,#N/A,,,,#N/A,#N/A,$0.00,#N/A,#N/A,#N/A,#N/A,#N/A,#N/A,#N/A,,#N/A,¥0,#N/A,#N/A,0,,#N/A
,,,,,#N/A,,,,#N/A,#N/A,$0.00,#N/A,#N/A,#N/A,#N/A,#N/A,#N/A,#N/A,,#N/A,¥0,#N/A,#N/A,0,,#N/A
,,,,,#N/A,,,,#N/A,#N/A,$0.00,#N/A,#N/A,#N/A,#N/A,#N/A,#N/A,#N/A,,#N/A,¥0,#N/A,#N/A,0,,#N/A
,,,,,#N/A,,,,#N/A,#N/A,$0.00,#N/A,#N/A,#N/A,#N/A,#N/A,#N/A,#N/A,,#N/A,¥0,#N/A,#N/A,0,,#N/A
,,,,,#N/A,,,,#N/A,#N/A,$0.00,#N/A,#N/A,#N/A,#N/A,#N/A,#N/A,#N/A,,#N/A,¥0,#N/A,#N/A,0,,#N/A
,,,,,#N/A,,,,#N/A,#N/A,$0.00,#N/A,#N/A,#N/A,#N/A,#N/A,#N/A,#N/A,,#N/A,¥0,#N/A,#N/A,0,,#N/A
,,,,,#N/A,,,,#N/A,#N/A,$0.00,#N/A,#N/A,#N/A,#N/A,#N/A,#N/A,#N/A,,#N/A,¥0,#N/A,#N/A,0,,#N/A
,,,,,#N/A,,,,#N/A,#N/A,$0.00,#N/A,#N/A,#N/A,#N/A,#N/A,#N/A,#N/A,,#N/A,¥0,#N/A,#N/A,0,,#N/A
,,,,,#N/A,,,,#N/A,#N/A,,#N/A,#N/A,#N/A,#N/A,#N/A,#N/A,#N/A,,#N/A,¥0,#N/A,#N/A,0,,#N/A
,,,,,#N/A,,,,#N/A,#N/A,,#N/A,#N/A,#N/A,#N/A,#N/A,#N/A,#N/A,,#N/A,¥0,#N/A,#N/A,0,,#N/A
,,,,,#N/A,,,,#N/A,#N/A,,#N/A,#N/A,#N/A,#N/A,#N/A,#N/A,#N/A,,#N/A,¥0,#N/A,#N/A,0,,#N/A
,,,,,#N/A,,,,#N/A,#N/A,,#N/A,#N/A,#N/A,#N/A,#N/A,#N/A,#N/A,,#N/A,¥0,#N/A,#N/A,0,,#N/A
,,,,,#N/A,,,,#N/A,#N/A,,#N/A,#N/A,#N/A,#N/A,#N/A,#N/A,#N/A,,#N/A,¥0,#N/A,#N/A,0,,#N/A
,,,,,#N/A,,,,#N/A,#N/A,,#N/A,#N/A,#N/A,#N/A,#N/A,#N/A,#N/A,,#N/A,¥0,#N/A,#N/A,0,,#N/A
,,,,,#N/A,,,,#N/A,#N/A,,#N/A,#N/A,#N/A,#N/A,#N/A,#N/A,#N/A,,#N/A,¥0,#N/A,#N/A,0,,#N/A
,,,,,#N/A,,,,#N/A,#N/A,,#N/A,#N/A,#N/A,#N/A,#N/A,#N/A,#N/A,,#N/A,¥0,#N/A,#N/A,0,,#N/A
,,,,,#N/A,,,,#N/A,#N/A,,#N/A,#N/A,#N/A,#N/A,#N/A,#N/A,#N/A,,#N/A,¥0,#N/A,#N/A,0,,#N/A
,,,,,#N/A,,,,#N/A,#N/A,,#N/A,#N/A,#N/A,#N/A,#N/A,#N/A,#N/A,,#N/A,¥0,#N/A,#N/A,0,,#N/A
,,,,,#N/A,,,,#N/A,#N/A,,#N/A,#N/A,#N/A,#N/A,#N/A,#N/A,#N/A,,#N/A,¥0,#N/A,#N/A,0,,#N/A
,,,,,,,,,#N/A,#N/A,,#N/A,#N/A,#N/A,#N/A,#N/A,#N/A,#N/A,,#N/A,¥0,#N/A,#N/A,0,,#N/A
,,,,,,,,,#N/A,#N/A,,#N/A,#N/A,#N/A,#N/A,#N/A,#N/A,#N/A,,#N/A,¥0,#N/A,#N/A,0,,#N/A
,,,,,,,,,#N/A,#N/A,,#N/A,#N/A,#N/A,#N/A,#N/A,#N/A,#N/A,,#N/A,¥0,#N/A,#N/A,0,,#N/A
,,,,,,,,,#N/A,#N/A,,#N/A,,#N/A,#N/A,#N/A,#N/A,#N/A,,#N/A,¥0,#N/A,#N/A,0,,#N/A
,,,,,,,,,#N/A,#N/A,,#N/A,,#N/A,#N/A,#N/A,#N/A,#N/A,,#N/A,¥0,#N/A,#N/A,0,,#N/A
,,,,,,,,,#N/A,#N/A,,#N/A,,#N/A,#N/A,#N/A,#N/A,#N/A,,#N/A,¥0,#N/A,#N/A,0,,#N/A
,,,,,,,,,#N/A,#N/A,,#N/A,,#N/A,#N/A,#N/A,#N/A,#N/A,,#N/A,¥0,#N/A,#N/A,0,,#N/A
,,,,,,,,,#N/A,#N/A,,#N/A,,,#N/A,#N/A,#N/A,#N/A,,#N/A,¥0,#N/A,#N/A,0,,#N/A
,,,,,,,,,,#N/A,,#N/A,,,#N/A,#N/A,#N/A,#N/A,,#N/A,¥0,#N/A,#N/A,0,,#N/A
,,,,,,,,,,#N/A,,,,,#N/A,#N/A,#N/A,#N/A,,#N/A,¥0,#N/A,#N/A,0,,#N/A
,,,,,,,,,,#N/A,,,,,#N/A,#N/A,#N/A,#N/A,,#N/A,¥0,#N/A,#N/A,0,,#N/A
,,,,,,,,,,#N/A,,,,,#N/A,#N/A,#N/A,#N/A,,#N/A,¥0,#N/A,#N/A,0,,#N/A
,,,,,,,,,,#N/A,,,,,#N/A,#N/A,#N/A,#N/A,,#N/A,¥0,#N/A,#N/A,0,,#N/A
,,,,,,,,,,#N/A,,,,,#N/A,#N/A,#N/A,#N/A,,#N/A,¥0,#N/A,#N/A,0,,#N/A
,,,,,,,,,,#N/A,,,,,#N/A,#N/A,#N/A,#N/A,,#N/A,¥0,#N/A,#N/A,0,,#N/A
,,,,,,,,,,#N/A,,,,,#N/A,#N/A,#N/A,#N/A,,#N/A,¥0,#N/A,#N/A,0,,#N/A
,,,,,,,,,,#N/A,,,,,#N/A,#N/A,#N/A,#N/A,,#N/A,¥0,#N/A,#N/A,0,,#N/A
,,,,,,,,,,#N/A,,,,,#N/A,#N/A,#N/A,#N/A,,#N/A,¥0,#N/A,#N/A,0,,#N/A
,,,,,,,,,,#N/A,,,,,#N/A,#N/A,#N/A,#N/A,,#N/A,¥0,#N/A,#N/A,0,,#N/A
,,,,,,,,,,#N/A,,,,,#N/A,#N/A,#N/A,#N/A,,#N/A,¥0,#N/A,#N/A,0,,#N/A
,,,,,,,,,,#N/A,,,,,#N/A,#N/A,#N/A,#N/A,,#N/A,¥0,#N/A,#N/A,0,,#N/A
,,,,,,,,,,#N/A,,,,,#N/A,#N/A,#N/A,#N/A,,#N/A,¥0,#N/A,#N/A,0,,#N/A
,,,,,,,,,,#N/A,,,,,#N/A,#N/A,#N/A,#N/A,,#N/A,¥0,#N/A,#N/A,0,,#N/A
,,,,,,,,,,#N/A,,,,,#N/A,#N/A,#N/A,#N/A,,#N/A,¥0,#N/A,#N/A,0,,#N/A
,,,,,,,,,,#N/A,,,,,#N/A,#N/A,#N/A,#N/A,,#N/A,¥0,#N/A,#N/A,0,,#N/A
,,,,,,,,,,#N/A,,,,,#N/A,#N/A,#N/A,#N/A,,#N/A,¥0,#N/A,#N/A,0,,#N/A
,,,,,,,,,,#N/A,,,,,#N/A,#N/A,#N/A,#N/A,,#N/A,¥0,#N/A,#N/A,0,,#N/A
,,,,,,,,,,#N/A,,,,,#N/A,#N/A,#N/A,#N/A,,#N/A,¥0,#N/A,#N/A,0,,#N/A
,,,,,,,,,,#N/A,,,,,#N/A,#N/A,#N/A,#N/A,,#N/A,¥0,#N/A,#N/A,0,,#N/A
,,,,,,,,,,#N/A,,,,,#N/A,#N/A,#N/A,#N/A,,#N/A,,#N/A,#N/A,0,,#N/A
,,,,,,,,,,#N/A,,,,,#N/A,,#N/A,,,#N/A,,#N/A,#N/A,0,,#N/A
,,,,,,,,,,#N/A,,,,,#N/A,,#N/A,,,#N/A,,#N/A,#N/A,0,,#N/A
,,,,,,,,,,#N/A,,,,,#N/A,,#N/A,,,#N/A,,#N/A,#N/A,0,,#N/A
,,,,,,,,,,#N/A,,,,,#N/A,,#N/A,,,#N/A,,#N/A,#N/A,0,,#N/A
,,,,,,,,,,#N/A,,,,,,,#N/A,,,#N/A,,#N/A,#N/A,0,,#N/A
,,,,,,,,,,,,,,,,,#N/A,,,#N/A,,#N/A,#N/A,0,,#N/A
,,,,,,,,,,,,,,,,,#N/A,,,#N/A,,,#DIV/0!,0,,#N/A
,,,,,,,,,,,,,,,,,#N/A,,,#N/A,,,#DIV/0!,0,,#N/A
,,,,,,,,,,,,,,,,,#N/A,,,#N/A,,,#DIV/0!,0,,#N/A
,,,,,,,,,,,,,,,,,#N/A,,,,,,#DIV/0!,0,,#N/A
,,,,,,,,,,,,,,,,,#N/A,,,,,,#DIV/0!,0,,#N/A
,,,,,,,,,,,,,,,,,#N/A,,,,,,#DIV/0!,0,,#N/A
,,,,,,,,,,,,,,,,,#N/A,,,,,,#DIV/0!,0,,#N/A
,,,,,,,,,,,,,,,,,#N/A,,,,,,#DIV/0!,0,,#N/A
,,,,,,,,,,,,,,,,,#N/A,,,,,,#DIV/0!,0,,#N/A
,,,,,,,,,,,,,,,,,#N/A,,,,,,#DIV/0!,0,,#N/A
,,,,,,,,,,,,,,,,,#N/A,,,,,,#DIV/0!,0,,#N/A
,,,,,,,,,,,,,,,,#N/A,#N/A,,,,,,#N/A,0,,#N/A
,,,,,,合計,"¥2,217,996 ",,,,,,,,,#N/A,#N/A,#N/A,,#N/A,#VALUE!,#N/A,#N/A,0,,#N/A
,,,,,,,,,,,,,,,,#N/A,#N/A,,,,,,#N/A,0,,#N/A
,,,,,,,,売上日本円合計,#VALUE!,ebay手数料合計（米ドル）,,#N/A,,,,#N/A,#N/A,,,,消費税還付合計,#VALUE!,#VALUE!,0,,#N/A
,,,,,,,,売上米ドル合計,"$1,522,185.00",ebay手数料合計（£）,,#N/A,,,,#N/A,#N/A,,,,,,#N/A,0,,#N/A
,,,,,,,,売上£合計,"£34,687.00",ebay手数料合計（AUD）,,₱21.37,,,,#N/A,#N/A,,,,,,#N/A,0,,#N/A
,,,,,,,,売上AUD合計,$128.17,,,,,,,#N/A,#N/A,,,,,,#N/A,0,,#N/A
,,,,,,,,,,,Payout金額合計（米ドル）,,,,#N/A,#N/A,#N/A,,,,,,#N/A,0,,
,,,,,,,,,,,Payout金額合計（£）,,,,#N/A,#N/A,#N/A,,,,,,#N/A,0,,
,,,,,,,,,,,Payout金額合計（AUD）,,,,₱106.80,#N/A,#N/A,,,,,,#N/A,0,,
,,,,,,,,,,,,,,,,#N/A,#N/A,,,,,,#N/A,0,,
,,,,,,,,,,,,,,,,#N/A,#N/A,,,,,,,0,,
,,,,,,,,,,,,,,,,#N/A,#N/A,,,,,,,0,,
,,#REF!,,,,,,,,,,,,,,,,,#REF!,,,,,0,,
,,#REF!,,,,,,,,,,,,,,,,,#REF!,,,,,,,
,,#REF!,,,,,,,,,,,,,,,,,,,,,,,,
,,#REF!,,,,,,,,,,,,,,,,,,,,,,,,
,,#REF!,,,,,,,,,,,,,,,,,,,,,,,,
,,#REF!,,,,,,,,,,,,,,,,,,,,,,,,
,,#REF!,,,,,,,,,,,,,,,,,,,,,,,,
,,#REF!,,,,,,,,,,,,,,,,,,,,,,,,
,,#REF!,,,,,,,,,,,,,,,,,,,,,,,,
,,#REF!,,,,,,,,,,,,,,,,,,,,,,,,
,,#REF!,,,,,,,,,,,,,,,,,,,,,,,,
,,#REF!,,,,,,,,,,,,,,,,,,,,,,,,
,,#REF!,,,,,,,,,,,,,,,,,,,,,,,,
,,#REF!,,,,,,,,,,,,,,,,,,,,,,,,
,,#REF!,,,,,,,,,,,,,,,,,,,,,,,,
,,#REF!,,,,,,,,,,,,,,,,,,,,,,,,
,,#REF!,,,,,,,,,,,,,,,,,,,,,,,,
,,#REF!,,,,,,,,,,,,,,,,,,,,,,,,
,,#REF!,,,,,,,,,,,,,,,,,,,,,,,,
,,#REF!,,,,,,,,,,,,,,,,,,,,,,,,
,,#REF!,,,,,,,,,,,,,,,,,,,,,,,,
,,#REF!,,,,,,,,,,,,,,,,,,,,,,,,
,,#REF!,,,,,,,,,,,,,,,,,,,,,,,,
,,#REF!,,,,,,,,,,,,,,,,,,,,,,,,
,,#REF!,,,,,,,,,,,,,,,,,,,,,,,,
,,#REF!,,,,,,,,,,,,,,,,,,,,,,,,
,,#REF!,,,,,,,,,,,,,,,,,,,,,,,,
,,#REF!,,,,,,,,,,,,,,,,,,,,,,,,
,,#REF!,,,,,,,,,,,,,,,,,,,,,,,,
,,#REF!,,,,,,,,,,,,,,,,,,,,,,,,
,,#REF!,,,,,,,,,,,,,,,,,,,,,,,,
,,#REF!,,,,,,,,,,,,,,,,,,,,,,,,
,,#REF!,,,,,,,,,,,,,,,,,,,,,,,,
,,#REF!,,,,,,,,,,,,,,,,,,,,,,,,
,,#REF!,,,,,,,,,,,,,,,,,,,,,,,,
,,#REF!,,,,,,,,,,,,,,,,,,,,,,,,
,,#REF!,,,,,,,,,,,,,,,,,,,,,,,,
,,#REF!,,,,,,,,,,,,,,,,,,,,,,,,
,,#REF!,,,,,,,,,,,,,,,,,,,,,,,,
,,#REF!,,,,,,,,,,,,,,,,,,,,,,,,
,,#REF!,,,,,,,,,,,,,,,,,,,,,,,,
,,#REF!,,,,,,,,,,,,,,,,,,,,,,,,